system:index,PRECIP,month,year,.geo
195002,0.2615301967328249,2,1950,"{""type"":""MultiPoint"",""coordinates"":[]}"
195003,0.23632751520231116,3,1950,"{""type"":""MultiPoint"",""coordinates"":[]}"
195004,0.11867203595559223,4,1950,"{""type"":""MultiPoint"",""coordinates"":[]}"
195005,0.09499361638959074,5,1950,"{""type"":""MultiPoint"",""coordinates"":[]}"
195006,0.11526671201287866,6,1950,"{""type"":""MultiPoint"",""coordinates"":[]}"
195007,0.05754831345152241,7,1950,"{""type"":""MultiPoint"",""coordinates"":[]}"
195008,0.023701313694380284,8,1950,"{""type"":""MultiPoint"",""coordinates"":[]}"
195009,0.09811778973625881,9,1950,"{""type"":""MultiPoint"",""coordinates"":[]}"
195010,0.22949706243181134,10,1950,"{""type"":""MultiPoint"",""coordinates"":[]}"
195011,0.1710033629580467,11,1950,"{""type"":""MultiPoint"",""coordinates"":[]}"
195012,0.28357695818465156,12,1950,"{""type"":""MultiPoint"",""coordinates"":[]}"
195101,0.3607299691873015,1,1951,"{""type"":""MultiPoint"",""coordinates"":[]}"
195102,0.17342727888113704,2,1951,"{""type"":""MultiPoint"",""coordinates"":[]}"
195103,0.2204423478995307,3,1951,"{""type"":""MultiPoint"",""coordinates"":[]}"
195104,0.09674649900205863,4,1951,"{""type"":""MultiPoint"",""coordinates"":[]}"
195105,0.13345700363774116,5,1951,"{""type"":""MultiPoint"",""coordinates"":[]}"
195106,0.10794381227551851,6,1951,"{""type"":""MultiPoint"",""coordinates"":[]}"
195107,0.03043681388343444,7,1951,"{""type"":""MultiPoint"",""coordinates"":[]}"
195108,0.08929668823872554,8,1951,"{""type"":""MultiPoint"",""coordinates"":[]}"
195109,0.05006375565753618,9,1951,"{""type"":""MultiPoint"",""coordinates"":[]}"
195110,0.17307315473441584,10,1951,"{""type"":""MultiPoint"",""coordinates"":[]}"
195111,0.18408444868156815,11,1951,"{""type"":""MultiPoint"",""coordinates"":[]}"
195112,0.3133594176781046,12,1951,"{""type"":""MultiPoint"",""coordinates"":[]}"
195201,0.25580797305910286,1,1952,"{""type"":""MultiPoint"",""coordinates"":[]}"
195202,0.295147397864898,2,1952,"{""type"":""MultiPoint"",""coordinates"":[]}"
195203,0.18585606225727289,3,1952,"{""type"":""MultiPoint"",""coordinates"":[]}"
195204,0.10355637227864276,4,1952,"{""type"":""MultiPoint"",""coordinates"":[]}"
195205,0.07734631767941956,5,1952,"{""type"":""MultiPoint"",""coordinates"":[]}"
195206,0.060569934069676847,6,1952,"{""type"":""MultiPoint"",""coordinates"":[]}"
195207,0.046615552769262145,7,1952,"{""type"":""MultiPoint"",""coordinates"":[]}"
195208,0.06768309286237754,8,1952,"{""type"":""MultiPoint"",""coordinates"":[]}"
195209,0.07015748713789074,9,1952,"{""type"":""MultiPoint"",""coordinates"":[]}"
195210,0.19094228147873404,10,1952,"{""type"":""MultiPoint"",""coordinates"":[]}"
195211,0.20275018721884314,11,1952,"{""type"":""MultiPoint"",""coordinates"":[]}"
195212,0.21640917567406778,12,1952,"{""type"":""MultiPoint"",""coordinates"":[]}"
195301,0.2316413122423619,1,1953,"{""type"":""MultiPoint"",""coordinates"":[]}"
195302,0.2450547983115881,2,1953,"{""type"":""MultiPoint"",""coordinates"":[]}"
195303,0.21768724715804372,3,1953,"{""type"":""MultiPoint"",""coordinates"":[]}"
195304,0.12809170893791694,4,1953,"{""type"":""MultiPoint"",""coordinates"":[]}"
195305,0.1556506962776665,5,1953,"{""type"":""MultiPoint"",""coordinates"":[]}"
195306,0.036395560415811344,6,1953,"{""type"":""MultiPoint"",""coordinates"":[]}"
195307,0.025740920322159872,7,1953,"{""type"":""MultiPoint"",""coordinates"":[]}"
195308,0.04972457984537343,8,1953,"{""type"":""MultiPoint"",""coordinates"":[]}"
195309,0.10227234929150594,9,1953,"{""type"":""MultiPoint"",""coordinates"":[]}"
195310,0.1515368323132777,10,1953,"{""type"":""MultiPoint"",""coordinates"":[]}"
195311,0.15734600140473146,11,1953,"{""type"":""MultiPoint"",""coordinates"":[]}"
195312,0.18099977037622286,12,1953,"{""type"":""MultiPoint"",""coordinates"":[]}"
195401,0.11110654979548544,1,1954,"{""type"":""MultiPoint"",""coordinates"":[]}"
195402,0.19596556503701223,2,1954,"{""type"":""MultiPoint"",""coordinates"":[]}"
195403,0.24615243748435403,3,1954,"{""type"":""MultiPoint"",""coordinates"":[]}"
195404,0.0651258998865608,4,1954,"{""type"":""MultiPoint"",""coordinates"":[]}"
195405,0.08915816081117929,5,1954,"{""type"":""MultiPoint"",""coordinates"":[]}"
195406,0.04769858298999836,6,1954,"{""type"":""MultiPoint"",""coordinates"":[]}"
195407,0.02924690251495734,7,1954,"{""type"":""MultiPoint"",""coordinates"":[]}"
195408,0.0032168477671217347,8,1954,"{""type"":""MultiPoint"",""coordinates"":[]}"
195409,0.027786846685740118,9,1954,"{""type"":""MultiPoint"",""coordinates"":[]}"
195410,0.15339930252993572,10,1954,"{""type"":""MultiPoint"",""coordinates"":[]}"
195411,0.08877452171939167,11,1954,"{""type"":""MultiPoint"",""coordinates"":[]}"
195412,0.1778568699600328,12,1954,"{""type"":""MultiPoint"",""coordinates"":[]}"
195501,0.2793376273800305,1,1955,"{""type"":""MultiPoint"",""coordinates"":[]}"
195502,0.11001876384246695,2,1955,"{""type"":""MultiPoint"",""coordinates"":[]}"
195503,0.15009121576068896,3,1955,"{""type"":""MultiPoint"",""coordinates"":[]}"
195504,0.10477817556076978,4,1955,"{""type"":""MultiPoint"",""coordinates"":[]}"
195505,0.06707547418740652,5,1955,"{""type"":""MultiPoint"",""coordinates"":[]}"
195506,0.08524777270780809,6,1955,"{""type"":""MultiPoint"",""coordinates"":[]}"
195507,0.01835258668066422,7,1955,"{""type"":""MultiPoint"",""coordinates"":[]}"
195508,0.029803096986831003,8,1955,"{""type"":""MultiPoint"",""coordinates"":[]}"
195509,0.026923104907223404,9,1955,"{""type"":""MultiPoint"",""coordinates"":[]}"
195510,0.05421015362380486,10,1955,"{""type"":""MultiPoint"",""coordinates"":[]}"
195511,0.15818413198927825,11,1955,"{""type"":""MultiPoint"",""coordinates"":[]}"
195512,0.2449934249838912,12,1955,"{""type"":""MultiPoint"",""coordinates"":[]}"
195601,0.1115744156851417,1,1956,"{""type"":""MultiPoint"",""coordinates"":[]}"
195602,0.12982222835331564,2,1956,"{""type"":""MultiPoint"",""coordinates"":[]}"
195603,0.17060507897513214,3,1956,"{""type"":""MultiPoint"",""coordinates"":[]}"
195604,0.12086314263792886,4,1956,"{""type"":""MultiPoint"",""coordinates"":[]}"
195605,0.06959155624356472,5,1956,"{""type"":""MultiPoint"",""coordinates"":[]}"
195606,0.0893521656676754,6,1956,"{""type"":""MultiPoint"",""coordinates"":[]}"
195607,0.07552949479643742,7,1956,"{""type"":""MultiPoint"",""coordinates"":[]}"
195608,0.052975544760155834,8,1956,"{""type"":""MultiPoint"",""coordinates"":[]}"
195609,0.041465848637884516,9,1956,"{""type"":""MultiPoint"",""coordinates"":[]}"
195610,0.16217369623681893,10,1956,"{""type"":""MultiPoint"",""coordinates"":[]}"
195611,0.1801576159556071,11,1956,"{""type"":""MultiPoint"",""coordinates"":[]}"
195612,0.17722572026552794,12,1956,"{""type"":""MultiPoint"",""coordinates"":[]}"
195701,0.17816762866361296,1,1957,"{""type"":""MultiPoint"",""coordinates"":[]}"
195702,0.26227709338791844,2,1957,"{""type"":""MultiPoint"",""coordinates"":[]}"
195703,0.11893504006021906,3,1957,"{""type"":""MultiPoint"",""coordinates"":[]}"
195704,0.07268238849473092,4,1957,"{""type"":""MultiPoint"",""coordinates"":[]}"
195705,0.04609659986627175,5,1957,"{""type"":""MultiPoint"",""coordinates"":[]}"
195706,0.06748099728340423,6,1957,"{""type"":""MultiPoint"",""coordinates"":[]}"
195707,0.03026537420531377,7,1957,"{""type"":""MultiPoint"",""coordinates"":[]}"
195708,0.01854527194901232,8,1957,"{""type"":""MultiPoint"",""coordinates"":[]}"
195709,0.082974320756759,9,1957,"{""type"":""MultiPoint"",""coordinates"":[]}"
195710,0.053268098968095694,10,1957,"{""type"":""MultiPoint"",""coordinates"":[]}"
195711,0.1429979844255363,11,1957,"{""type"":""MultiPoint"",""coordinates"":[]}"
195712,0.24513653938171195,12,1957,"{""type"":""MultiPoint"",""coordinates"":[]}"
195801,0.16590049204571997,1,1958,"{""type"":""MultiPoint"",""coordinates"":[]}"
195802,0.1867658951038709,2,1958,"{""type"":""MultiPoint"",""coordinates"":[]}"
195803,0.13894593999848903,3,1958,"{""type"":""MultiPoint"",""coordinates"":[]}"
195804,0.09462840074347884,4,1958,"{""type"":""MultiPoint"",""coordinates"":[]}"
195805,0.07827297832713663,5,1958,"{""type"":""MultiPoint"",""coordinates"":[]}"
195806,0.02288965857912342,6,1958,"{""type"":""MultiPoint"",""coordinates"":[]}"
195807,0.07652822615070842,7,1958,"{""type"":""MultiPoint"",""coordinates"":[]}"
195808,0.009785004667187428,8,1958,"{""type"":""MultiPoint"",""coordinates"":[]}"
195809,0.05056756098333806,9,1958,"{""type"":""MultiPoint"",""coordinates"":[]}"
195810,0.14919983137461668,10,1958,"{""type"":""MultiPoint"",""coordinates"":[]}"
195811,0.11791166022630796,11,1958,"{""type"":""MultiPoint"",""coordinates"":[]}"
195812,0.19776836685351856,12,1958,"{""type"":""MultiPoint"",""coordinates"":[]}"
195901,0.2510574106351141,1,1959,"{""type"":""MultiPoint"",""coordinates"":[]}"
195902,0.09988328418970747,2,1959,"{""type"":""MultiPoint"",""coordinates"":[]}"
195903,0.19319448039221832,3,1959,"{""type"":""MultiPoint"",""coordinates"":[]}"
195904,0.05864087512759089,4,1959,"{""type"":""MultiPoint"",""coordinates"":[]}"
195905,0.0611114371155283,5,1959,"{""type"":""MultiPoint"",""coordinates"":[]}"
195906,0.03481522439869125,6,1959,"{""type"":""MultiPoint"",""coordinates"":[]}"
195907,0.020681831016759918,7,1959,"{""type"":""MultiPoint"",""coordinates"":[]}"
195908,0.012865385074760878,8,1959,"{""type"":""MultiPoint"",""coordinates"":[]}"
195909,0.04076921435549265,9,1959,"{""type"":""MultiPoint"",""coordinates"":[]}"
195910,0.07508488251645332,10,1959,"{""type"":""MultiPoint"",""coordinates"":[]}"
195911,0.16628728697351206,11,1959,"{""type"":""MultiPoint"",""coordinates"":[]}"
195912,0.23022042189181682,12,1959,"{""type"":""MultiPoint"",""coordinates"":[]}"
196001,0.22091469763115806,1,1960,"{""type"":""MultiPoint"",""coordinates"":[]}"
196002,0.2023030763597543,2,1960,"{""type"":""MultiPoint"",""coordinates"":[]}"
196003,0.16929743607560385,3,1960,"{""type"":""MultiPoint"",""coordinates"":[]}"
196004,0.08946633783543986,4,1960,"{""type"":""MultiPoint"",""coordinates"":[]}"
196005,0.048061288999988946,5,1960,"{""type"":""MultiPoint"",""coordinates"":[]}"
196006,0.03276502319108813,6,1960,"{""type"":""MultiPoint"",""coordinates"":[]}"
196007,0.0350950947062616,7,1960,"{""type"":""MultiPoint"",""coordinates"":[]}"
196008,0.060099644197585005,8,1960,"{""type"":""MultiPoint"",""coordinates"":[]}"
196009,0.006312655462985081,9,1960,"{""type"":""MultiPoint"",""coordinates"":[]}"
196010,0.07213983749332868,10,1960,"{""type"":""MultiPoint"",""coordinates"":[]}"
196011,0.2551987358009315,11,1960,"{""type"":""MultiPoint"",""coordinates"":[]}"
196012,0.10241646365347619,12,1960,"{""type"":""MultiPoint"",""coordinates"":[]}"
196101,0.10095514128508347,1,1961,"{""type"":""MultiPoint"",""coordinates"":[]}"
196102,0.09525872151875103,2,1961,"{""type"":""MultiPoint"",""coordinates"":[]}"
196103,0.05537121764609984,3,1961,"{""type"":""MultiPoint"",""coordinates"":[]}"
196104,0.06284786859593504,4,1961,"{""type"":""MultiPoint"",""coordinates"":[]}"
196105,0.008920579123341063,5,1961,"{""type"":""MultiPoint"",""coordinates"":[]}"
196106,0.009162645175236505,6,1961,"{""type"":""MultiPoint"",""coordinates"":[]}"
196107,3.1661115998328043E-4,7,1961,"{""type"":""MultiPoint"",""coordinates"":[]}"
196108,0.00239359433260019,8,1961,"{""type"":""MultiPoint"",""coordinates"":[]}"
196109,0.006319683437692958,9,1961,"{""type"":""MultiPoint"",""coordinates"":[]}"
196110,0.041610523822282426,10,1961,"{""type"":""MultiPoint"",""coordinates"":[]}"
196111,0.16028511198719492,11,1961,"{""type"":""MultiPoint"",""coordinates"":[]}"
196112,0.18629571921235757,12,1961,"{""type"":""MultiPoint"",""coordinates"":[]}"
196201,0.20119085340448467,1,1962,"{""type"":""MultiPoint"",""coordinates"":[]}"
196202,0.10606724016122936,2,1962,"{""type"":""MultiPoint"",""coordinates"":[]}"
196203,0.10962711177634551,3,1962,"{""type"":""MultiPoint"",""coordinates"":[]}"
196204,0.12071572509876038,4,1962,"{""type"":""MultiPoint"",""coordinates"":[]}"
196205,0.07421531558601646,5,1962,"{""type"":""MultiPoint"",""coordinates"":[]}"
196206,0.011547840994906074,6,1962,"{""type"":""MultiPoint"",""coordinates"":[]}"
196207,0.0034586067924907613,7,1962,"{""type"":""MultiPoint"",""coordinates"":[]}"
196208,0.014667303538544806,8,1962,"{""type"":""MultiPoint"",""coordinates"":[]}"
196209,0.03169438486601129,9,1962,"{""type"":""MultiPoint"",""coordinates"":[]}"
196210,0.09505526476981922,10,1962,"{""type"":""MultiPoint"",""coordinates"":[]}"
196211,0.08546479989468211,11,1962,"{""type"":""MultiPoint"",""coordinates"":[]}"
196212,0.22317211342837875,12,1962,"{""type"":""MultiPoint"",""coordinates"":[]}"
196301,0.16075196293620606,1,1963,"{""type"":""MultiPoint"",""coordinates"":[]}"
196302,0.17192882820049504,2,1963,"{""type"":""MultiPoint"",""coordinates"":[]}"
196303,0.10968890226587234,3,1963,"{""type"":""MultiPoint"",""coordinates"":[]}"
196304,0.10939068545469836,4,1963,"{""type"":""MultiPoint"",""coordinates"":[]}"
196305,0.028212454112559602,5,1963,"{""type"":""MultiPoint"",""coordinates"":[]}"
196306,0.03500429180098909,6,1963,"{""type"":""MultiPoint"",""coordinates"":[]}"
196307,0.009127008506103368,7,1963,"{""type"":""MultiPoint"",""coordinates"":[]}"
196308,0.0011078526039670943,8,1963,"{""type"":""MultiPoint"",""coordinates"":[]}"
196309,0.013090300963139028,9,1963,"{""type"":""MultiPoint"",""coordinates"":[]}"
196310,0.013740468472506026,10,1963,"{""type"":""MultiPoint"",""coordinates"":[]}"
196311,0.09940277969999801,11,1963,"{""type"":""MultiPoint"",""coordinates"":[]}"
196312,0.13432198650976093,12,1963,"{""type"":""MultiPoint"",""coordinates"":[]}"
196401,0.10721553461574831,1,1964,"{""type"":""MultiPoint"",""coordinates"":[]}"
196402,0.20141355659481758,2,1964,"{""type"":""MultiPoint"",""coordinates"":[]}"
196403,0.1325114268110268,3,1964,"{""type"":""MultiPoint"",""coordinates"":[]}"
196404,0.09998189307533313,4,1964,"{""type"":""MultiPoint"",""coordinates"":[]}"
196405,0.01691328168140731,5,1964,"{""type"":""MultiPoint"",""coordinates"":[]}"
196406,0.030446494099597238,6,1964,"{""type"":""MultiPoint"",""coordinates"":[]}"
196407,0.020408020369626623,7,1964,"{""type"":""MultiPoint"",""coordinates"":[]}"
196408,0.04491935372520217,8,1964,"{""type"":""MultiPoint"",""coordinates"":[]}"
196409,0.0904905498757389,9,1964,"{""type"":""MultiPoint"",""coordinates"":[]}"
196410,0.09506519448987305,10,1964,"{""type"":""MultiPoint"",""coordinates"":[]}"
196411,0.12306829872439251,11,1964,"{""type"":""MultiPoint"",""coordinates"":[]}"
196412,0.508498796786884,12,1964,"{""type"":""MultiPoint"",""coordinates"":[]}"
196501,0.23378688081104101,1,1965,"{""type"":""MultiPoint"",""coordinates"":[]}"
196502,0.20751907545294224,2,1965,"{""type"":""MultiPoint"",""coordinates"":[]}"
196503,0.18871866495703632,3,1965,"{""type"":""MultiPoint"",""coordinates"":[]}"
196504,0.12318125251863045,4,1965,"{""type"":""MultiPoint"",""coordinates"":[]}"
196505,0.05446177094607131,5,1965,"{""type"":""MultiPoint"",""coordinates"":[]}"
196506,0.06827071965045094,6,1965,"{""type"":""MultiPoint"",""coordinates"":[]}"
196507,0.042110331787766374,7,1965,"{""type"":""MultiPoint"",""coordinates"":[]}"
196508,0.011513409652619417,8,1965,"{""type"":""MultiPoint"",""coordinates"":[]}"
196509,0.039001179121856515,9,1965,"{""type"":""MultiPoint"",""coordinates"":[]}"
196510,0.13270031247411657,10,1965,"{""type"":""MultiPoint"",""coordinates"":[]}"
196511,0.14487600928926775,11,1965,"{""type"":""MultiPoint"",""coordinates"":[]}"
196512,0.12944513053487233,12,1965,"{""type"":""MultiPoint"",""coordinates"":[]}"
196601,0.1606362267323792,1,1966,"{""type"":""MultiPoint"",""coordinates"":[]}"
196602,0.16742017663757808,2,1966,"{""type"":""MultiPoint"",""coordinates"":[]}"
196603,0.18217512468002953,3,1966,"{""type"":""MultiPoint"",""coordinates"":[]}"
196604,0.08315870676943057,4,1966,"{""type"":""MultiPoint"",""coordinates"":[]}"
196605,0.06264466998291904,5,1966,"{""type"":""MultiPoint"",""coordinates"":[]}"
196606,0.057292390513603665,6,1966,"{""type"":""MultiPoint"",""coordinates"":[]}"
196607,0.024118449877150408,7,1966,"{""type"":""MultiPoint"",""coordinates"":[]}"
196608,0.01875687328666063,8,1966,"{""type"":""MultiPoint"",""coordinates"":[]}"
196609,0.043387044373188174,9,1966,"{""type"":""MultiPoint"",""coordinates"":[]}"
196610,0.19060164466079532,10,1966,"{""type"":""MultiPoint"",""coordinates"":[]}"
196611,0.11240429710662514,11,1966,"{""type"":""MultiPoint"",""coordinates"":[]}"
196612,0.10649675354642499,12,1966,"{""type"":""MultiPoint"",""coordinates"":[]}"
196701,0.20770134032519563,1,1967,"{""type"":""MultiPoint"",""coordinates"":[]}"
196702,0.17858151882460507,2,1967,"{""type"":""MultiPoint"",""coordinates"":[]}"
196703,0.23968059081626053,3,1967,"{""type"":""MultiPoint"",""coordinates"":[]}"
196704,0.10629752256073939,4,1967,"{""type"":""MultiPoint"",""coordinates"":[]}"
196705,0.04220308939387767,5,1967,"{""type"":""MultiPoint"",""coordinates"":[]}"
196706,0.048808646780131006,6,1967,"{""type"":""MultiPoint"",""coordinates"":[]}"
196707,0.034520906563833116,7,1967,"{""type"":""MultiPoint"",""coordinates"":[]}"
196708,0.04551275661547637,8,1967,"{""type"":""MultiPoint"",""coordinates"":[]}"
196709,0.026673582921085213,9,1967,"{""type"":""MultiPoint"",""coordinates"":[]}"
196710,0.11539488294583623,10,1967,"{""type"":""MultiPoint"",""coordinates"":[]}"
196711,0.1231705144702082,11,1967,"{""type"":""MultiPoint"",""coordinates"":[]}"
196712,0.16194130547034272,12,1967,"{""type"":""MultiPoint"",""coordinates"":[]}"
196801,0.14646333351521387,1,1968,"{""type"":""MultiPoint"",""coordinates"":[]}"
196802,0.13458163976905638,2,1968,"{""type"":""MultiPoint"",""coordinates"":[]}"
196803,0.05599775476244111,3,1968,"{""type"":""MultiPoint"",""coordinates"":[]}"
196804,0.06226477900705625,4,1968,"{""type"":""MultiPoint"",""coordinates"":[]}"
196805,0.047856086545569644,5,1968,"{""type"":""MultiPoint"",""coordinates"":[]}"
196806,0.011105221146404406,6,1968,"{""type"":""MultiPoint"",""coordinates"":[]}"
196807,0.013743652992934008,7,1968,"{""type"":""MultiPoint"",""coordinates"":[]}"
196808,0.10015247255920423,8,1968,"{""type"":""MultiPoint"",""coordinates"":[]}"
196809,0.08280047554524556,9,1968,"{""type"":""MultiPoint"",""coordinates"":[]}"
196810,0.09364971401982246,10,1968,"{""type"":""MultiPoint"",""coordinates"":[]}"
196811,0.10865320920255937,11,1968,"{""type"":""MultiPoint"",""coordinates"":[]}"
196812,0.19333394644592272,12,1968,"{""type"":""MultiPoint"",""coordinates"":[]}"
196901,0.08392322534001888,1,1969,"{""type"":""MultiPoint"",""coordinates"":[]}"
196902,0.04773049150432573,2,1969,"{""type"":""MultiPoint"",""coordinates"":[]}"
196903,0.0798594385065504,3,1969,"{""type"":""MultiPoint"",""coordinates"":[]}"
196904,0.09412516626844301,4,1969,"{""type"":""MultiPoint"",""coordinates"":[]}"
196905,0.03319590711420576,5,1969,"{""type"":""MultiPoint"",""coordinates"":[]}"
196906,0.025036439870350802,6,1969,"{""type"":""MultiPoint"",""coordinates"":[]}"
196907,0.007399127258545588,7,1969,"{""type"":""MultiPoint"",""coordinates"":[]}"
196908,0.009495482856269834,8,1969,"{""type"":""MultiPoint"",""coordinates"":[]}"
196909,0.05933317485296816,9,1969,"{""type"":""MultiPoint"",""coordinates"":[]}"
196910,0.09009709142733702,10,1969,"{""type"":""MultiPoint"",""coordinates"":[]}"
196911,0.1600935329729709,11,1969,"{""type"":""MultiPoint"",""coordinates"":[]}"
196912,0.15338113703761572,12,1969,"{""type"":""MultiPoint"",""coordinates"":[]}"
197001,0.15731200490031227,1,1970,"{""type"":""MultiPoint"",""coordinates"":[]}"
197002,0.15924344603174334,2,1970,"{""type"":""MultiPoint"",""coordinates"":[]}"
197003,0.11326299853134955,3,1970,"{""type"":""MultiPoint"",""coordinates"":[]}"
197004,0.11299043372591427,4,1970,"{""type"":""MultiPoint"",""coordinates"":[]}"
197005,0.044117574607089226,5,1970,"{""type"":""MultiPoint"",""coordinates"":[]}"
197006,0.040898697503699635,6,1970,"{""type"":""MultiPoint"",""coordinates"":[]}"
197007,0.022298261150310635,7,1970,"{""type"":""MultiPoint"",""coordinates"":[]}"
197008,0.0338886572501837,8,1970,"{""type"":""MultiPoint"",""coordinates"":[]}"
197009,0.05572847557914996,9,1970,"{""type"":""MultiPoint"",""coordinates"":[]}"
197010,0.08982482408471644,10,1970,"{""type"":""MultiPoint"",""coordinates"":[]}"
197011,0.12814080646832296,11,1970,"{""type"":""MultiPoint"",""coordinates"":[]}"
197012,0.09828733983670679,12,1970,"{""type"":""MultiPoint"",""coordinates"":[]}"
197101,0.2032667383116858,1,1971,"{""type"":""MultiPoint"",""coordinates"":[]}"
197102,0.14428930925693403,2,1971,"{""type"":""MultiPoint"",""coordinates"":[]}"
197103,0.1810697169210314,3,1971,"{""type"":""MultiPoint"",""coordinates"":[]}"
197104,0.06380927600271802,4,1971,"{""type"":""MultiPoint"",""coordinates"":[]}"
197105,0.05736688186185768,5,1971,"{""type"":""MultiPoint"",""coordinates"":[]}"
197106,0.028499810773374146,6,1971,"{""type"":""MultiPoint"",""coordinates"":[]}"
197107,0.07235820279211562,7,1971,"{""type"":""MultiPoint"",""coordinates"":[]}"
197108,0.03101997182906542,8,1971,"{""type"":""MultiPoint"",""coordinates"":[]}"
197109,0.08916668183546814,9,1971,"{""type"":""MultiPoint"",""coordinates"":[]}"
197110,0.18184545889589246,10,1971,"{""type"":""MultiPoint"",""coordinates"":[]}"
197111,0.1535008508331391,11,1971,"{""type"":""MultiPoint"",""coordinates"":[]}"
197112,0.09091488363518468,12,1971,"{""type"":""MultiPoint"",""coordinates"":[]}"
197201,0.14694595060443813,1,1972,"{""type"":""MultiPoint"",""coordinates"":[]}"
197202,0.1889673869314982,2,1972,"{""type"":""MultiPoint"",""coordinates"":[]}"
197203,0.09731128654509316,3,1972,"{""type"":""MultiPoint"",""coordinates"":[]}"
197204,0.07283736613818151,4,1972,"{""type"":""MultiPoint"",""coordinates"":[]}"
197205,0.049387696410248705,5,1972,"{""type"":""MultiPoint"",""coordinates"":[]}"
197206,0.04914236137107842,6,1972,"{""type"":""MultiPoint"",""coordinates"":[]}"
197207,0.020246367178494835,7,1972,"{""type"":""MultiPoint"",""coordinates"":[]}"
197208,0.05424720270289358,8,1972,"{""type"":""MultiPoint"",""coordinates"":[]}"
197209,0.04697776465352588,9,1972,"{""type"":""MultiPoint"",""coordinates"":[]}"
197210,0.03848874058670676,10,1972,"{""type"":""MultiPoint"",""coordinates"":[]}"
197211,0.0836710460621049,11,1972,"{""type"":""MultiPoint"",""coordinates"":[]}"
197212,0.2240581601698349,12,1972,"{""type"":""MultiPoint"",""coordinates"":[]}"
197301,0.07825951080253894,1,1973,"{""type"":""MultiPoint"",""coordinates"":[]}"
197302,0.11151405285192192,2,1973,"{""type"":""MultiPoint"",""coordinates"":[]}"
197303,0.09594874410504169,3,1973,"{""type"":""MultiPoint"",""coordinates"":[]}"
197304,0.06622833035572992,4,1973,"{""type"":""MultiPoint"",""coordinates"":[]}"
197305,0.0437156554470356,5,1973,"{""type"":""MultiPoint"",""coordinates"":[]}"
197306,0.02947503541437158,6,1973,"{""type"":""MultiPoint"",""coordinates"":[]}"
197307,0.02130835768878417,7,1973,"{""type"":""MultiPoint"",""coordinates"":[]}"
197308,0.031077342781522375,8,1973,"{""type"":""MultiPoint"",""coordinates"":[]}"
197309,0.030544665434223097,9,1973,"{""type"":""MultiPoint"",""coordinates"":[]}"
197310,0.12834176006589604,10,1973,"{""type"":""MultiPoint"",""coordinates"":[]}"
197311,0.1589172392975541,11,1973,"{""type"":""MultiPoint"",""coordinates"":[]}"
197312,0.206782149917393,12,1973,"{""type"":""MultiPoint"",""coordinates"":[]}"
197401,0.22178538901629138,1,1974,"{""type"":""MultiPoint"",""coordinates"":[]}"
197402,0.09143953997747235,2,1974,"{""type"":""MultiPoint"",""coordinates"":[]}"
197403,0.12513177196278025,3,1974,"{""type"":""MultiPoint"",""coordinates"":[]}"
197404,0.14072783235685635,4,1974,"{""type"":""MultiPoint"",""coordinates"":[]}"
197405,0.07351348244993361,5,1974,"{""type"":""MultiPoint"",""coordinates"":[]}"
197406,0.06989126986712707,6,1974,"{""type"":""MultiPoint"",""coordinates"":[]}"
197407,0.014874879958976288,7,1974,"{""type"":""MultiPoint"",""coordinates"":[]}"
197408,0.040816950626101564,8,1974,"{""type"":""MultiPoint"",""coordinates"":[]}"
197409,0.042424622889506956,9,1974,"{""type"":""MultiPoint"",""coordinates"":[]}"
197410,0.1441885872258384,10,1974,"{""type"":""MultiPoint"",""coordinates"":[]}"
197411,0.08281315647309857,11,1974,"{""type"":""MultiPoint"",""coordinates"":[]}"
197412,0.13768738851498824,12,1974,"{""type"":""MultiPoint"",""coordinates"":[]}"
197501,0.09226254730116336,1,1975,"{""type"":""MultiPoint"",""coordinates"":[]}"
197502,0.0714711224002479,2,1975,"{""type"":""MultiPoint"",""coordinates"":[]}"
197503,0.08799920701827613,3,1975,"{""type"":""MultiPoint"",""coordinates"":[]}"
197504,0.09585974898167558,4,1975,"{""type"":""MultiPoint"",""coordinates"":[]}"
197505,0.011355680312745219,5,1975,"{""type"":""MultiPoint"",""coordinates"":[]}"
197506,0.052885877720562705,6,1975,"{""type"":""MultiPoint"",""coordinates"":[]}"
197507,0.04567382349296665,7,1975,"{""type"":""MultiPoint"",""coordinates"":[]}"
197508,0.016483603188292277,8,1975,"{""type"":""MultiPoint"",""coordinates"":[]}"
197509,0.04073185234812605,9,1975,"{""type"":""MultiPoint"",""coordinates"":[]}"
197510,0.0638822121250968,10,1975,"{""type"":""MultiPoint"",""coordinates"":[]}"
197511,0.1201957230898527,11,1975,"{""type"":""MultiPoint"",""coordinates"":[]}"
197512,0.13146094451918738,12,1975,"{""type"":""MultiPoint"",""coordinates"":[]}"
197601,0.10307741877682976,1,1976,"{""type"":""MultiPoint"",""coordinates"":[]}"
197602,0.21820875168419357,2,1976,"{""type"":""MultiPoint"",""coordinates"":[]}"
197603,0.11552366834044994,3,1976,"{""type"":""MultiPoint"",""coordinates"":[]}"
197604,0.05050416507268677,4,1976,"{""type"":""MultiPoint"",""coordinates"":[]}"
197605,0.04069487816158786,5,1976,"{""type"":""MultiPoint"",""coordinates"":[]}"
197606,0.019807383288193574,6,1976,"{""type"":""MultiPoint"",""coordinates"":[]}"
197607,0.00596530245449536,7,1976,"{""type"":""MultiPoint"",""coordinates"":[]}"
197608,0.05227153914955166,8,1976,"{""type"":""MultiPoint"",""coordinates"":[]}"
197609,0.09699334860331445,9,1976,"{""type"":""MultiPoint"",""coordinates"":[]}"
197610,0.13410566515941677,10,1976,"{""type"":""MultiPoint"",""coordinates"":[]}"
197611,0.16053568753356465,11,1976,"{""type"":""MultiPoint"",""coordinates"":[]}"
197612,0.19122915552086864,12,1976,"{""type"":""MultiPoint"",""coordinates"":[]}"
197701,0.19955913447650261,1,1977,"{""type"":""MultiPoint"",""coordinates"":[]}"
197702,0.10748160138917547,2,1977,"{""type"":""MultiPoint"",""coordinates"":[]}"
197703,0.14322446441905148,3,1977,"{""type"":""MultiPoint"",""coordinates"":[]}"
197704,0.0735382610759305,4,1977,"{""type"":""MultiPoint"",""coordinates"":[]}"
197705,0.06727308323483197,5,1977,"{""type"":""MultiPoint"",""coordinates"":[]}"
197706,0.042164334546266995,6,1977,"{""type"":""MultiPoint"",""coordinates"":[]}"
197707,0.019805774428704775,7,1977,"{""type"":""MultiPoint"",""coordinates"":[]}"
197708,0.040568231910993825,8,1977,"{""type"":""MultiPoint"",""coordinates"":[]}"
197709,0.11469887461126525,9,1977,"{""type"":""MultiPoint"",""coordinates"":[]}"
197710,0.0645120974413849,10,1977,"{""type"":""MultiPoint"",""coordinates"":[]}"
197711,0.18058655911338004,11,1977,"{""type"":""MultiPoint"",""coordinates"":[]}"
197712,0.17204383211246235,12,1977,"{""type"":""MultiPoint"",""coordinates"":[]}"
197801,0.1213134505619156,1,1978,"{""type"":""MultiPoint"",""coordinates"":[]}"
197802,0.14101790344693718,2,1978,"{""type"":""MultiPoint"",""coordinates"":[]}"
197803,0.08300157170810302,3,1978,"{""type"":""MultiPoint"",""coordinates"":[]}"
197804,0.08974380324675119,4,1978,"{""type"":""MultiPoint"",""coordinates"":[]}"
197805,0.030708135547853004,5,1978,"{""type"":""MultiPoint"",""coordinates"":[]}"
197806,0.03808035928257645,6,1978,"{""type"":""MultiPoint"",""coordinates"":[]}"
197807,0.03226752943188263,7,1978,"{""type"":""MultiPoint"",""coordinates"":[]}"
197808,0.01343702690551952,8,1978,"{""type"":""MultiPoint"",""coordinates"":[]}"
197809,0.07682332975825008,9,1978,"{""type"":""MultiPoint"",""coordinates"":[]}"
197810,0.0867733938580981,10,1978,"{""type"":""MultiPoint"",""coordinates"":[]}"
197811,0.10224714865668444,11,1978,"{""type"":""MultiPoint"",""coordinates"":[]}"
197812,0.14442442043796916,12,1978,"{""type"":""MultiPoint"",""coordinates"":[]}"
197901,0.17362660277209,1,1979,"{""type"":""MultiPoint"",""coordinates"":[]}"
197902,0.10510906994436496,2,1979,"{""type"":""MultiPoint"",""coordinates"":[]}"
197903,0.1366635613598406,3,1979,"{""type"":""MultiPoint"",""coordinates"":[]}"
197904,0.08760840153856812,4,1979,"{""type"":""MultiPoint"",""coordinates"":[]}"
197905,0.06419606634593401,5,1979,"{""type"":""MultiPoint"",""coordinates"":[]}"
197906,0.0056443368710534635,6,1979,"{""type"":""MultiPoint"",""coordinates"":[]}"
197907,0.04243409554675066,7,1979,"{""type"":""MultiPoint"",""coordinates"":[]}"
197908,0.05616037217253569,8,1979,"{""type"":""MultiPoint"",""coordinates"":[]}"
197909,0.05953470436013028,9,1979,"{""type"":""MultiPoint"",""coordinates"":[]}"
197910,0.08825878485302784,10,1979,"{""type"":""MultiPoint"",""coordinates"":[]}"
197911,0.12304518725917465,11,1979,"{""type"":""MultiPoint"",""coordinates"":[]}"
197912,0.20420090424505713,12,1979,"{""type"":""MultiPoint"",""coordinates"":[]}"
198001,0.20585506725007044,1,1980,"{""type"":""MultiPoint"",""coordinates"":[]}"
198002,0.22315158343872848,2,1980,"{""type"":""MultiPoint"",""coordinates"":[]}"
198003,0.13113960622907567,3,1980,"{""type"":""MultiPoint"",""coordinates"":[]}"
198004,0.09496517234274006,4,1980,"{""type"":""MultiPoint"",""coordinates"":[]}"
198005,0.059128701039199795,5,1980,"{""type"":""MultiPoint"",""coordinates"":[]}"
198006,0.05595954342306638,6,1980,"{""type"":""MultiPoint"",""coordinates"":[]}"
198007,0.029711869177036356,7,1980,"{""type"":""MultiPoint"",""coordinates"":[]}"
198008,0.06079241442196106,8,1980,"{""type"":""MultiPoint"",""coordinates"":[]}"
198009,0.07268866492860043,9,1980,"{""type"":""MultiPoint"",""coordinates"":[]}"
198010,0.06705993568569038,10,1980,"{""type"":""MultiPoint"",""coordinates"":[]}"
198011,0.14864118710655372,11,1980,"{""type"":""MultiPoint"",""coordinates"":[]}"
198012,0.14229133022338594,12,1980,"{""type"":""MultiPoint"",""coordinates"":[]}"
198101,0.2510673163966562,1,1981,"{""type"":""MultiPoint"",""coordinates"":[]}"
198102,0.1571321570057342,2,1981,"{""type"":""MultiPoint"",""coordinates"":[]}"
198103,0.16060650784192088,3,1981,"{""type"":""MultiPoint"",""coordinates"":[]}"
198104,0.11105785673442051,4,1981,"{""type"":""MultiPoint"",""coordinates"":[]}"
198105,0.047273066614869734,5,1981,"{""type"":""MultiPoint"",""coordinates"":[]}"
198106,0.04150996189691918,6,1981,"{""type"":""MultiPoint"",""coordinates"":[]}"
198107,0.01346059108384647,7,1981,"{""type"":""MultiPoint"",""coordinates"":[]}"
198108,0.06900848347792517,8,1981,"{""type"":""MultiPoint"",""coordinates"":[]}"
198109,0.04402196364564692,9,1981,"{""type"":""MultiPoint"",""coordinates"":[]}"
198110,0.09673891122885146,10,1981,"{""type"":""MultiPoint"",""coordinates"":[]}"
198111,0.10171010403190968,11,1981,"{""type"":""MultiPoint"",""coordinates"":[]}"
198112,0.22545196812419588,12,1981,"{""type"":""MultiPoint"",""coordinates"":[]}"
198201,0.17732639855439475,1,1982,"{""type"":""MultiPoint"",""coordinates"":[]}"
198202,0.1801099654296038,2,1982,"{""type"":""MultiPoint"",""coordinates"":[]}"
198203,0.17088491306311807,3,1982,"{""type"":""MultiPoint"",""coordinates"":[]}"
198204,0.10578388037715848,4,1982,"{""type"":""MultiPoint"",""coordinates"":[]}"
198205,0.06639683311796002,5,1982,"{""type"":""MultiPoint"",""coordinates"":[]}"
198206,0.05813221842347256,6,1982,"{""type"":""MultiPoint"",""coordinates"":[]}"
198207,0.03024627254410722,7,1982,"{""type"":""MultiPoint"",""coordinates"":[]}"
198208,0.06310721331273988,8,1982,"{""type"":""MultiPoint"",""coordinates"":[]}"
198209,0.07682696930243575,9,1982,"{""type"":""MultiPoint"",""coordinates"":[]}"
198210,0.12485440141687844,10,1982,"{""type"":""MultiPoint"",""coordinates"":[]}"
198211,0.11221220844706073,11,1982,"{""type"":""MultiPoint"",""coordinates"":[]}"
198212,0.1916834772107766,12,1982,"{""type"":""MultiPoint"",""coordinates"":[]}"
198301,0.23255911579873198,1,1983,"{""type"":""MultiPoint"",""coordinates"":[]}"
198302,0.11375216694786262,2,1983,"{""type"":""MultiPoint"",""coordinates"":[]}"
198303,0.13806864469204944,3,1983,"{""type"":""MultiPoint"",""coordinates"":[]}"
198304,0.07405829437431259,4,1983,"{""type"":""MultiPoint"",""coordinates"":[]}"
198305,0.11294849669474019,5,1983,"{""type"":""MultiPoint"",""coordinates"":[]}"
198306,0.028990285335205812,6,1983,"{""type"":""MultiPoint"",""coordinates"":[]}"
198307,0.06265941309137597,7,1983,"{""type"":""MultiPoint"",""coordinates"":[]}"
198308,0.01114253140481447,8,1983,"{""type"":""MultiPoint"",""coordinates"":[]}"
198309,0.049701111515883856,9,1983,"{""type"":""MultiPoint"",""coordinates"":[]}"
198310,0.11789815585627826,10,1983,"{""type"":""MultiPoint"",""coordinates"":[]}"
198311,0.1886624508032513,11,1983,"{""type"":""MultiPoint"",""coordinates"":[]}"
198312,0.14729103847579972,12,1983,"{""type"":""MultiPoint"",""coordinates"":[]}"
198401,0.14499179436106488,1,1984,"{""type"":""MultiPoint"",""coordinates"":[]}"
198402,0.08658642677520405,2,1984,"{""type"":""MultiPoint"",""coordinates"":[]}"
198403,0.18261476753382988,3,1984,"{""type"":""MultiPoint"",""coordinates"":[]}"
198404,0.0931463972620353,4,1984,"{""type"":""MultiPoint"",""coordinates"":[]}"
198405,0.025535027685933506,5,1984,"{""type"":""MultiPoint"",""coordinates"":[]}"
198406,0.027426812602250914,6,1984,"{""type"":""MultiPoint"",""coordinates"":[]}"
198407,0.009282975096788094,7,1984,"{""type"":""MultiPoint"",""coordinates"":[]}"
198408,0.05148886697075442,8,1984,"{""type"":""MultiPoint"",""coordinates"":[]}"
198409,0.0568974125360868,9,1984,"{""type"":""MultiPoint"",""coordinates"":[]}"
198410,0.1774258287201212,10,1984,"{""type"":""MultiPoint"",""coordinates"":[]}"
198411,0.19937454944445374,11,1984,"{""type"":""MultiPoint"",""coordinates"":[]}"
198412,0.24410417433760356,12,1984,"{""type"":""MultiPoint"",""coordinates"":[]}"
198501,0.16911193177767456,1,1985,"{""type"":""MultiPoint"",""coordinates"":[]}"
198502,0.1266285649646706,2,1985,"{""type"":""MultiPoint"",""coordinates"":[]}"
198503,0.14315619958651166,3,1985,"{""type"":""MultiPoint"",""coordinates"":[]}"
198504,0.1536243009674051,4,1985,"{""type"":""MultiPoint"",""coordinates"":[]}"
198505,0.03790095684434597,5,1985,"{""type"":""MultiPoint"",""coordinates"":[]}"
198506,0.03938540379544265,6,1985,"{""type"":""MultiPoint"",""coordinates"":[]}"
198507,0.06574398706853615,7,1985,"{""type"":""MultiPoint"",""coordinates"":[]}"
198508,0.0313403647075716,8,1985,"{""type"":""MultiPoint"",""coordinates"":[]}"
198509,0.09807084608526595,9,1985,"{""type"":""MultiPoint"",""coordinates"":[]}"
198510,0.12031192259350867,10,1985,"{""type"":""MultiPoint"",""coordinates"":[]}"
198511,0.12873744190105926,11,1985,"{""type"":""MultiPoint"",""coordinates"":[]}"
198512,0.09586020726801,12,1985,"{""type"":""MultiPoint"",""coordinates"":[]}"
198601,0.16683985279206268,1,1986,"{""type"":""MultiPoint"",""coordinates"":[]}"
198602,0.17944181471118797,2,1986,"{""type"":""MultiPoint"",""coordinates"":[]}"
198603,0.17105694126808543,3,1986,"{""type"":""MultiPoint"",""coordinates"":[]}"
198604,0.0366597523258888,4,1986,"{""type"":""MultiPoint"",""coordinates"":[]}"
198605,0.13431060450658816,5,1986,"{""type"":""MultiPoint"",""coordinates"":[]}"
198606,0.018366356965299948,6,1986,"{""type"":""MultiPoint"",""coordinates"":[]}"
198607,0.023654676911251258,7,1986,"{""type"":""MultiPoint"",""coordinates"":[]}"
198608,0.054011583323732584,8,1986,"{""type"":""MultiPoint"",""coordinates"":[]}"
198609,0.07607568792466908,9,1986,"{""type"":""MultiPoint"",""coordinates"":[]}"
198610,0.050752369473398756,10,1986,"{""type"":""MultiPoint"",""coordinates"":[]}"
198611,0.10138938792956444,11,1986,"{""type"":""MultiPoint"",""coordinates"":[]}"
198612,0.17773876088374008,12,1986,"{""type"":""MultiPoint"",""coordinates"":[]}"
198701,0.16801500907807612,1,1987,"{""type"":""MultiPoint"",""coordinates"":[]}"
198702,0.1254226416116743,2,1987,"{""type"":""MultiPoint"",""coordinates"":[]}"
198703,0.14831544955859313,3,1987,"{""type"":""MultiPoint"",""coordinates"":[]}"
198704,0.13130853453211302,4,1987,"{""type"":""MultiPoint"",""coordinates"":[]}"
198705,0.06690033660438274,5,1987,"{""type"":""MultiPoint"",""coordinates"":[]}"
198706,0.040882583744322964,6,1987,"{""type"":""MultiPoint"",""coordinates"":[]}"
198707,0.035124467871319225,7,1987,"{""type"":""MultiPoint"",""coordinates"":[]}"
198708,0.026276646339949285,8,1987,"{""type"":""MultiPoint"",""coordinates"":[]}"
198709,0.02303715490401386,9,1987,"{""type"":""MultiPoint"",""coordinates"":[]}"
198710,0.14914951640165786,10,1987,"{""type"":""MultiPoint"",""coordinates"":[]}"
198711,0.15277292140023974,11,1987,"{""type"":""MultiPoint"",""coordinates"":[]}"
198712,0.2245581783681267,12,1987,"{""type"":""MultiPoint"",""coordinates"":[]}"
198801,0.14401599614771665,1,1988,"{""type"":""MultiPoint"",""coordinates"":[]}"
198802,0.1761766653675902,2,1988,"{""type"":""MultiPoint"",""coordinates"":[]}"
198803,0.16638059099585484,3,1988,"{""type"":""MultiPoint"",""coordinates"":[]}"
198804,0.15592766143475706,4,1988,"{""type"":""MultiPoint"",""coordinates"":[]}"
198805,0.06817041266753054,5,1988,"{""type"":""MultiPoint"",""coordinates"":[]}"
198806,0.020031295153366397,6,1988,"{""type"":""MultiPoint"",""coordinates"":[]}"
198807,0.007821991774016476,7,1988,"{""type"":""MultiPoint"",""coordinates"":[]}"
198808,0.0074443352660525765,8,1988,"{""type"":""MultiPoint"",""coordinates"":[]}"
198809,0.030321401502091002,9,1988,"{""type"":""MultiPoint"",""coordinates"":[]}"
198810,0.11075957024354413,10,1988,"{""type"":""MultiPoint"",""coordinates"":[]}"
198811,0.15098169992989333,11,1988,"{""type"":""MultiPoint"",""coordinates"":[]}"
198812,0.17159563503951422,12,1988,"{""type"":""MultiPoint"",""coordinates"":[]}"
198901,0.21385596106566365,1,1989,"{""type"":""MultiPoint"",""coordinates"":[]}"
198902,0.148354782127176,2,1989,"{""type"":""MultiPoint"",""coordinates"":[]}"
198903,0.1300621474945926,3,1989,"{""type"":""MultiPoint"",""coordinates"":[]}"
198904,0.12598369183193822,4,1989,"{""type"":""MultiPoint"",""coordinates"":[]}"
198905,0.040139369004075824,5,1989,"{""type"":""MultiPoint"",""coordinates"":[]}"
198906,0.06635257446817282,6,1989,"{""type"":""MultiPoint"",""coordinates"":[]}"
198907,0.04133584485885338,7,1989,"{""type"":""MultiPoint"",""coordinates"":[]}"
198908,0.06604610342010066,8,1989,"{""type"":""MultiPoint"",""coordinates"":[]}"
198909,0.02786389823537476,9,1989,"{""type"":""MultiPoint"",""coordinates"":[]}"
198910,0.08706413679883276,10,1989,"{""type"":""MultiPoint"",""coordinates"":[]}"
198911,0.16179155012774704,11,1989,"{""type"":""MultiPoint"",""coordinates"":[]}"
198912,0.23973393864067488,12,1989,"{""type"":""MultiPoint"",""coordinates"":[]}"
199001,0.17314119076927995,1,1990,"{""type"":""MultiPoint"",""coordinates"":[]}"
199002,0.15893548409629607,2,1990,"{""type"":""MultiPoint"",""coordinates"":[]}"
199003,0.1372600754605837,3,1990,"{""type"":""MultiPoint"",""coordinates"":[]}"
199004,0.06840678343545438,4,1990,"{""type"":""MultiPoint"",""coordinates"":[]}"
199005,0.12337720230855907,5,1990,"{""type"":""MultiPoint"",""coordinates"":[]}"
199006,0.0723566272290152,6,1990,"{""type"":""MultiPoint"",""coordinates"":[]}"
199007,0.034656215790545924,7,1990,"{""type"":""MultiPoint"",""coordinates"":[]}"
199008,0.035255116505226954,8,1990,"{""type"":""MultiPoint"",""coordinates"":[]}"
199009,0.06326694589540023,9,1990,"{""type"":""MultiPoint"",""coordinates"":[]}"
199010,0.10051979739395603,10,1990,"{""type"":""MultiPoint"",""coordinates"":[]}"
199011,0.13904569113630214,11,1990,"{""type"":""MultiPoint"",""coordinates"":[]}"
199012,0.17287081138967553,12,1990,"{""type"":""MultiPoint"",""coordinates"":[]}"
199101,0.23269758306011348,1,1991,"{""type"":""MultiPoint"",""coordinates"":[]}"
199102,0.14792698610795327,2,1991,"{""type"":""MultiPoint"",""coordinates"":[]}"
199103,0.12098394829461946,3,1991,"{""type"":""MultiPoint"",""coordinates"":[]}"
199104,0.08394918331238464,4,1991,"{""type"":""MultiPoint"",""coordinates"":[]}"
199105,0.06179682476003299,5,1991,"{""type"":""MultiPoint"",""coordinates"":[]}"
199106,0.04967572939612026,6,1991,"{""type"":""MultiPoint"",""coordinates"":[]}"
199107,0.016232363222607037,7,1991,"{""type"":""MultiPoint"",""coordinates"":[]}"
199108,0.02274302174065607,8,1991,"{""type"":""MultiPoint"",""coordinates"":[]}"
199109,0.07002565219186516,9,1991,"{""type"":""MultiPoint"",""coordinates"":[]}"
199110,0.09116519987955354,10,1991,"{""type"":""MultiPoint"",""coordinates"":[]}"
199111,0.17212298009054253,11,1991,"{""type"":""MultiPoint"",""coordinates"":[]}"
199112,0.12506818984452464,12,1991,"{""type"":""MultiPoint"",""coordinates"":[]}"
199201,0.21311581697255647,1,1992,"{""type"":""MultiPoint"",""coordinates"":[]}"
199202,0.2216624680147505,2,1992,"{""type"":""MultiPoint"",""coordinates"":[]}"
199203,0.1744920902021703,3,1992,"{""type"":""MultiPoint"",""coordinates"":[]}"
199204,0.12166537047620955,4,1992,"{""type"":""MultiPoint"",""coordinates"":[]}"
199205,0.0879172379820534,5,1992,"{""type"":""MultiPoint"",""coordinates"":[]}"
199206,0.03185937455606684,6,1992,"{""type"":""MultiPoint"",""coordinates"":[]}"
199207,0.025399398831777616,7,1992,"{""type"":""MultiPoint"",""coordinates"":[]}"
199208,0.07063806812182567,8,1992,"{""type"":""MultiPoint"",""coordinates"":[]}"
199209,0.16099185959466417,9,1992,"{""type"":""MultiPoint"",""coordinates"":[]}"
199210,0.1412452894533835,10,1992,"{""type"":""MultiPoint"",""coordinates"":[]}"
199211,0.19228374800845033,11,1992,"{""type"":""MultiPoint"",""coordinates"":[]}"
199212,0.13885143745624565,12,1992,"{""type"":""MultiPoint"",""coordinates"":[]}"
199301,0.09969167548425113,1,1993,"{""type"":""MultiPoint"",""coordinates"":[]}"
199302,0.11821776606714493,2,1993,"{""type"":""MultiPoint"",""coordinates"":[]}"
199303,0.1413163548582963,3,1993,"{""type"":""MultiPoint"",""coordinates"":[]}"
199304,0.07328196737787714,4,1993,"{""type"":""MultiPoint"",""coordinates"":[]}"
199305,0.053420936852995704,5,1993,"{""type"":""MultiPoint"",""coordinates"":[]}"
199306,0.02579609888491736,6,1993,"{""type"":""MultiPoint"",""coordinates"":[]}"
199307,0.045712060100122534,7,1993,"{""type"":""MultiPoint"",""coordinates"":[]}"
199308,0.04836606913628675,8,1993,"{""type"":""MultiPoint"",""coordinates"":[]}"
199309,0.03285679723839431,9,1993,"{""type"":""MultiPoint"",""coordinates"":[]}"
199310,0.09261627823892835,10,1993,"{""type"":""MultiPoint"",""coordinates"":[]}"
199311,0.07518256493927714,11,1993,"{""type"":""MultiPoint"",""coordinates"":[]}"
199312,0.1508822973245763,12,1993,"{""type"":""MultiPoint"",""coordinates"":[]}"
199401,0.14065851770234605,1,1994,"{""type"":""MultiPoint"",""coordinates"":[]}"
199402,0.17949433129577053,2,1994,"{""type"":""MultiPoint"",""coordinates"":[]}"
199403,0.100522657234216,3,1994,"{""type"":""MultiPoint"",""coordinates"":[]}"
199404,0.05466801016644283,4,1994,"{""type"":""MultiPoint"",""coordinates"":[]}"
199405,0.05517017864695248,5,1994,"{""type"":""MultiPoint"",""coordinates"":[]}"
199406,0.05272733763962981,6,1994,"{""type"":""MultiPoint"",""coordinates"":[]}"
199407,0.028920602216712093,7,1994,"{""type"":""MultiPoint"",""coordinates"":[]}"
199408,0.01582544107307135,8,1994,"{""type"":""MultiPoint"",""coordinates"":[]}"
199409,0.05416002292553877,9,1994,"{""type"":""MultiPoint"",""coordinates"":[]}"
199410,0.1583228147066052,10,1994,"{""type"":""MultiPoint"",""coordinates"":[]}"
199411,0.12520659903669382,11,1994,"{""type"":""MultiPoint"",""coordinates"":[]}"
199412,0.19322138366293404,12,1994,"{""type"":""MultiPoint"",""coordinates"":[]}"
199501,0.22854606751322945,1,1995,"{""type"":""MultiPoint"",""coordinates"":[]}"
199502,0.15494334665025775,2,1995,"{""type"":""MultiPoint"",""coordinates"":[]}"
199503,0.10759195727186964,3,1995,"{""type"":""MultiPoint"",""coordinates"":[]}"
199504,0.07689796074261819,4,1995,"{""type"":""MultiPoint"",""coordinates"":[]}"
199505,0.0960585753469889,5,1995,"{""type"":""MultiPoint"",""coordinates"":[]}"
199506,0.019934496767682847,6,1995,"{""type"":""MultiPoint"",""coordinates"":[]}"
199507,0.016989544077748213,7,1995,"{""type"":""MultiPoint"",""coordinates"":[]}"
199508,0.00908123222369777,8,1995,"{""type"":""MultiPoint"",""coordinates"":[]}"
199509,0.029050219973792216,9,1995,"{""type"":""MultiPoint"",""coordinates"":[]}"
199510,0.1067223493501901,10,1995,"{""type"":""MultiPoint"",""coordinates"":[]}"
199511,0.19153805594117354,11,1995,"{""type"":""MultiPoint"",""coordinates"":[]}"
199512,0.14598119822429562,12,1995,"{""type"":""MultiPoint"",""coordinates"":[]}"
199601,0.18138907861866857,1,1996,"{""type"":""MultiPoint"",""coordinates"":[]}"
199602,0.08314021685037702,2,1996,"{""type"":""MultiPoint"",""coordinates"":[]}"
199603,0.17559442702188252,3,1996,"{""type"":""MultiPoint"",""coordinates"":[]}"
199604,0.07528794568443845,4,1996,"{""type"":""MultiPoint"",""coordinates"":[]}"
199605,0.08947024586976972,5,1996,"{""type"":""MultiPoint"",""coordinates"":[]}"
199606,0.026923950411306873,6,1996,"{""type"":""MultiPoint"",""coordinates"":[]}"
199607,0.010290303549482186,7,1996,"{""type"":""MultiPoint"",""coordinates"":[]}"
199608,0.02959080622155459,8,1996,"{""type"":""MultiPoint"",""coordinates"":[]}"
199609,0.08306208074857102,9,1996,"{""type"":""MultiPoint"",""coordinates"":[]}"
199610,0.09051505415587091,10,1996,"{""type"":""MultiPoint"",""coordinates"":[]}"
199611,0.17881921721064437,11,1996,"{""type"":""MultiPoint"",""coordinates"":[]}"
199612,0.12895953816973132,12,1996,"{""type"":""MultiPoint"",""coordinates"":[]}"
199701,0.22737955689548156,1,1997,"{""type"":""MultiPoint"",""coordinates"":[]}"
199702,0.16194862885516245,2,1997,"{""type"":""MultiPoint"",""coordinates"":[]}"
199703,0.1669144666671586,3,1997,"{""type"":""MultiPoint"",""coordinates"":[]}"
199704,0.08712266425053064,4,1997,"{""type"":""MultiPoint"",""coordinates"":[]}"
199705,0.0640941714632171,5,1997,"{""type"":""MultiPoint"",""coordinates"":[]}"
199706,0.07243014817477629,6,1997,"{""type"":""MultiPoint"",""coordinates"":[]}"
199707,0.015986803508937223,7,1997,"{""type"":""MultiPoint"",""coordinates"":[]}"
199708,0.023022193751056207,8,1997,"{""type"":""MultiPoint"",""coordinates"":[]}"
199709,0.039463583039545794,9,1997,"{""type"":""MultiPoint"",""coordinates"":[]}"
199710,0.058721623953669,10,1997,"{""type"":""MultiPoint"",""coordinates"":[]}"
199711,0.12164971161970516,11,1997,"{""type"":""MultiPoint"",""coordinates"":[]}"
199712,0.13766726447883584,12,1997,"{""type"":""MultiPoint"",""coordinates"":[]}"
199801,0.13625214656200427,1,1998,"{""type"":""MultiPoint"",""coordinates"":[]}"
199802,0.13934215554850943,2,1998,"{""type"":""MultiPoint"",""coordinates"":[]}"
199803,0.13568119862746303,3,1998,"{""type"":""MultiPoint"",""coordinates"":[]}"
199804,0.08974423515631286,4,1998,"{""type"":""MultiPoint"",""coordinates"":[]}"
199805,0.04506450569123955,5,1998,"{""type"":""MultiPoint"",""coordinates"":[]}"
199806,0.02660879336083932,6,1998,"{""type"":""MultiPoint"",""coordinates"":[]}"
199807,0.02240883782082539,7,1998,"{""type"":""MultiPoint"",""coordinates"":[]}"
199808,0.08356926046024911,8,1998,"{""type"":""MultiPoint"",""coordinates"":[]}"
199809,0.10520559826372397,9,1998,"{""type"":""MultiPoint"",""coordinates"":[]}"
199810,0.09999745761501452,10,1998,"{""type"":""MultiPoint"",""coordinates"":[]}"
199811,0.17541299185223302,11,1998,"{""type"":""MultiPoint"",""coordinates"":[]}"
199812,0.13332333733980462,12,1998,"{""type"":""MultiPoint"",""coordinates"":[]}"
199901,0.13240782374119578,1,1999,"{""type"":""MultiPoint"",""coordinates"":[]}"
199902,0.12243897571363369,2,1999,"{""type"":""MultiPoint"",""coordinates"":[]}"
199903,0.16330428682106846,3,1999,"{""type"":""MultiPoint"",""coordinates"":[]}"
199904,0.05544229812428427,4,1999,"{""type"":""MultiPoint"",""coordinates"":[]}"
199905,0.029308677187966262,5,1999,"{""type"":""MultiPoint"",""coordinates"":[]}"
199906,0.04607952527635596,6,1999,"{""type"":""MultiPoint"",""coordinates"":[]}"
199907,0.016627235173777722,7,1999,"{""type"":""MultiPoint"",""coordinates"":[]}"
199908,0.00459038194886737,8,1999,"{""type"":""MultiPoint"",""coordinates"":[]}"
199909,0.0424158028380763,9,1999,"{""type"":""MultiPoint"",""coordinates"":[]}"
199910,0.08467703854868608,10,1999,"{""type"":""MultiPoint"",""coordinates"":[]}"
199911,0.1277439977819266,11,1999,"{""type"":""MultiPoint"",""coordinates"":[]}"
199912,0.18530966862072873,12,1999,"{""type"":""MultiPoint"",""coordinates"":[]}"
200001,0.09234621840797072,1,2000,"{""type"":""MultiPoint"",""coordinates"":[]}"
200002,0.14882852931807375,2,2000,"{""type"":""MultiPoint"",""coordinates"":[]}"
200003,0.2160462530964613,3,2000,"{""type"":""MultiPoint"",""coordinates"":[]}"
200004,0.05728451559879095,4,2000,"{""type"":""MultiPoint"",""coordinates"":[]}"
200005,0.027884366436954567,5,2000,"{""type"":""MultiPoint"",""coordinates"":[]}"
200006,0.05279321593805025,6,2000,"{""type"":""MultiPoint"",""coordinates"":[]}"
200007,0.049771960748090885,7,2000,"{""type"":""MultiPoint"",""coordinates"":[]}"
200008,0.06999617138868724,8,2000,"{""type"":""MultiPoint"",""coordinates"":[]}"
200009,0.02733474039686535,9,2000,"{""type"":""MultiPoint"",""coordinates"":[]}"
200010,0.07107730785976983,10,2000,"{""type"":""MultiPoint"",""coordinates"":[]}"
200011,0.1808964162714888,11,2000,"{""type"":""MultiPoint"",""coordinates"":[]}"
200012,0.14310137199163034,12,2000,"{""type"":""MultiPoint"",""coordinates"":[]}"
200101,0.12201713542580253,1,2001,"{""type"":""MultiPoint"",""coordinates"":[]}"
200102,0.18144524080496657,2,2001,"{""type"":""MultiPoint"",""coordinates"":[]}"
200103,0.10244504818856437,3,2001,"{""type"":""MultiPoint"",""coordinates"":[]}"
200104,0.07288179679745373,4,2001,"{""type"":""MultiPoint"",""coordinates"":[]}"
200105,0.06867298964743972,5,2001,"{""type"":""MultiPoint"",""coordinates"":[]}"
200106,0.02168950067298223,6,2001,"{""type"":""MultiPoint"",""coordinates"":[]}"
200107,0.02727687873707073,7,2001,"{""type"":""MultiPoint"",""coordinates"":[]}"
200108,0.013132829093128838,8,2001,"{""type"":""MultiPoint"",""coordinates"":[]}"
200109,0.04452205952414021,9,2001,"{""type"":""MultiPoint"",""coordinates"":[]}"
200110,0.09304199301213706,10,2001,"{""type"":""MultiPoint"",""coordinates"":[]}"
200111,0.14067234242062265,11,2001,"{""type"":""MultiPoint"",""coordinates"":[]}"
200112,0.16868989999957745,12,2001,"{""type"":""MultiPoint"",""coordinates"":[]}"
200201,0.08194828516173949,1,2002,"{""type"":""MultiPoint"",""coordinates"":[]}"
200202,0.20655383377501702,2,2002,"{""type"":""MultiPoint"",""coordinates"":[]}"
200203,0.08805233034415376,3,2002,"{""type"":""MultiPoint"",""coordinates"":[]}"
200204,0.03989345422525485,4,2002,"{""type"":""MultiPoint"",""coordinates"":[]}"
200205,0.0546500160809055,5,2002,"{""type"":""MultiPoint"",""coordinates"":[]}"
200206,0.01910418463212672,6,2002,"{""type"":""MultiPoint"",""coordinates"":[]}"
200207,0.027873823053163067,7,2002,"{""type"":""MultiPoint"",""coordinates"":[]}"
200208,0.02907461998150802,8,2002,"{""type"":""MultiPoint"",""coordinates"":[]}"
200209,0.029337439766094212,9,2002,"{""type"":""MultiPoint"",""coordinates"":[]}"
200210,0.0388127133707265,10,2002,"{""type"":""MultiPoint"",""coordinates"":[]}"
200211,0.0643184846387871,11,2002,"{""type"":""MultiPoint"",""coordinates"":[]}"
200212,0.08995114669248858,12,2002,"{""type"":""MultiPoint"",""coordinates"":[]}"
200301,0.18694711931258687,1,2003,"{""type"":""MultiPoint"",""coordinates"":[]}"
200302,0.10330701497762716,2,2003,"{""type"":""MultiPoint"",""coordinates"":[]}"
200303,0.13795556017841565,3,2003,"{""type"":""MultiPoint"",""coordinates"":[]}"
200304,0.07483172185832243,4,2003,"{""type"":""MultiPoint"",""coordinates"":[]}"
200305,0.03280999662790101,5,2003,"{""type"":""MultiPoint"",""coordinates"":[]}"
200306,0.029530942141716553,6,2003,"{""type"":""MultiPoint"",""coordinates"":[]}"
200307,0.013522292449501715,7,2003,"{""type"":""MultiPoint"",""coordinates"":[]}"
200308,0.026693629495103073,8,2003,"{""type"":""MultiPoint"",""coordinates"":[]}"
200309,0.05245625889597931,9,2003,"{""type"":""MultiPoint"",""coordinates"":[]}"
200310,0.11864622061601679,10,2003,"{""type"":""MultiPoint"",""coordinates"":[]}"
200311,0.10294661332972214,11,2003,"{""type"":""MultiPoint"",""coordinates"":[]}"
200312,0.18248089836569317,12,2003,"{""type"":""MultiPoint"",""coordinates"":[]}"
200401,0.11707154707596873,1,2004,"{""type"":""MultiPoint"",""coordinates"":[]}"
200402,0.14519772248621385,2,2004,"{""type"":""MultiPoint"",""coordinates"":[]}"
200403,0.09285816777913103,3,2004,"{""type"":""MultiPoint"",""coordinates"":[]}"
200404,0.06532032597211002,4,2004,"{""type"":""MultiPoint"",""coordinates"":[]}"
200405,0.08541563585185175,5,2004,"{""type"":""MultiPoint"",""coordinates"":[]}"
200406,0.04336445284144648,6,2004,"{""type"":""MultiPoint"",""coordinates"":[]}"
200407,0.0388145077903512,7,2004,"{""type"":""MultiPoint"",""coordinates"":[]}"
200408,0.008640989388197491,8,2004,"{""type"":""MultiPoint"",""coordinates"":[]}"
200409,0.02277234489791085,9,2004,"{""type"":""MultiPoint"",""coordinates"":[]}"
200410,0.1122667763692317,10,2004,"{""type"":""MultiPoint"",""coordinates"":[]}"
200411,0.1139086989505622,11,2004,"{""type"":""MultiPoint"",""coordinates"":[]}"
200412,0.1488735248246932,12,2004,"{""type"":""MultiPoint"",""coordinates"":[]}"
200501,0.1989889345052866,1,2005,"{""type"":""MultiPoint"",""coordinates"":[]}"
200502,0.09509614770406151,2,2005,"{""type"":""MultiPoint"",""coordinates"":[]}"
200503,0.07400996568377098,3,2005,"{""type"":""MultiPoint"",""coordinates"":[]}"
200504,0.0663569126734663,4,2005,"{""type"":""MultiPoint"",""coordinates"":[]}"
200505,0.07152979121992727,5,2005,"{""type"":""MultiPoint"",""coordinates"":[]}"
200506,0.05291700990643662,6,2005,"{""type"":""MultiPoint"",""coordinates"":[]}"
200507,0.01924008115235041,7,2005,"{""type"":""MultiPoint"",""coordinates"":[]}"
200508,0.012167928809091266,8,2005,"{""type"":""MultiPoint"",""coordinates"":[]}"
200509,0.05428491694419371,9,2005,"{""type"":""MultiPoint"",""coordinates"":[]}"
200510,0.09873220896850989,10,2005,"{""type"":""MultiPoint"",""coordinates"":[]}"
200511,0.1581661847378535,11,2005,"{""type"":""MultiPoint"",""coordinates"":[]}"
200512,0.14252332296187278,12,2005,"{""type"":""MultiPoint"",""coordinates"":[]}"
200601,0.21209707924084717,1,2006,"{""type"":""MultiPoint"",""coordinates"":[]}"
200602,0.1231711229837801,2,2006,"{""type"":""MultiPoint"",""coordinates"":[]}"
200603,0.1323896071036477,3,2006,"{""type"":""MultiPoint"",""coordinates"":[]}"
200604,0.08712657827503036,4,2006,"{""type"":""MultiPoint"",""coordinates"":[]}"
200605,0.02173903702895203,5,2006,"{""type"":""MultiPoint"",""coordinates"":[]}"
200606,0.03504188119625492,6,2006,"{""type"":""MultiPoint"",""coordinates"":[]}"
200607,0.0176409128016191,7,2006,"{""type"":""MultiPoint"",""coordinates"":[]}"
200608,0.017807072985276593,8,2006,"{""type"":""MultiPoint"",""coordinates"":[]}"
200609,0.049442063137655506,9,2006,"{""type"":""MultiPoint"",""coordinates"":[]}"
200610,0.1288015323476536,10,2006,"{""type"":""MultiPoint"",""coordinates"":[]}"
200611,0.11087178749515161,11,2006,"{""type"":""MultiPoint"",""coordinates"":[]}"
200612,0.22360508440321292,12,2006,"{""type"":""MultiPoint"",""coordinates"":[]}"
200701,0.19011583156160883,1,2007,"{""type"":""MultiPoint"",""coordinates"":[]}"
200702,0.1635343769142825,2,2007,"{""type"":""MultiPoint"",""coordinates"":[]}"
200703,0.11358567386475386,3,2007,"{""type"":""MultiPoint"",""coordinates"":[]}"
200704,0.059389510015929965,4,2007,"{""type"":""MultiPoint"",""coordinates"":[]}"
200705,0.03335314560713427,5,2007,"{""type"":""MultiPoint"",""coordinates"":[]}"
200706,0.00597025099046533,6,2007,"{""type"":""MultiPoint"",""coordinates"":[]}"
200707,0.03037731478008563,7,2007,"{""type"":""MultiPoint"",""coordinates"":[]}"
200708,0.009029208770745156,8,2007,"{""type"":""MultiPoint"",""coordinates"":[]}"
200709,0.005973504908827651,9,2007,"{""type"":""MultiPoint"",""coordinates"":[]}"
200710,0.1199084041348952,10,2007,"{""type"":""MultiPoint"",""coordinates"":[]}"
200711,0.1746232483186215,11,2007,"{""type"":""MultiPoint"",""coordinates"":[]}"
200712,0.19192172284214054,12,2007,"{""type"":""MultiPoint"",""coordinates"":[]}"
200801,0.2672424364899884,1,2008,"{""type"":""MultiPoint"",""coordinates"":[]}"
200802,0.13153732629990048,2,2008,"{""type"":""MultiPoint"",""coordinates"":[]}"
200803,0.09443488141346792,3,2008,"{""type"":""MultiPoint"",""coordinates"":[]}"
200804,0.07535904085633553,4,2008,"{""type"":""MultiPoint"",""coordinates"":[]}"
200805,0.042016585409567965,5,2008,"{""type"":""MultiPoint"",""coordinates"":[]}"
200806,0.023825141484161073,6,2008,"{""type"":""MultiPoint"",""coordinates"":[]}"
200807,0.02079309249501156,7,2008,"{""type"":""MultiPoint"",""coordinates"":[]}"
200808,0.025587039136642165,8,2008,"{""type"":""MultiPoint"",""coordinates"":[]}"
200809,0.01614250989942471,9,2008,"{""type"":""MultiPoint"",""coordinates"":[]}"
200810,0.10166562791661318,10,2008,"{""type"":""MultiPoint"",""coordinates"":[]}"
200811,0.12780032876816957,11,2008,"{""type"":""MultiPoint"",""coordinates"":[]}"
200812,0.15279467743570374,12,2008,"{""type"":""MultiPoint"",""coordinates"":[]}"
200901,0.10719173210860786,1,2009,"{""type"":""MultiPoint"",""coordinates"":[]}"
200902,0.1611260654312647,2,2009,"{""type"":""MultiPoint"",""coordinates"":[]}"
200903,0.17255716063331228,3,2009,"{""type"":""MultiPoint"",""coordinates"":[]}"
200904,0.04133661412065054,4,2009,"{""type"":""MultiPoint"",""coordinates"":[]}"
200905,0.053487792733336384,5,2009,"{""type"":""MultiPoint"",""coordinates"":[]}"
200906,0.026430050391363497,6,2009,"{""type"":""MultiPoint"",""coordinates"":[]}"
200907,0.043274756231348535,7,2009,"{""type"":""MultiPoint"",""coordinates"":[]}"
200908,0.042442745934938325,8,2009,"{""type"":""MultiPoint"",""coordinates"":[]}"
200909,0.031990383834899085,9,2009,"{""type"":""MultiPoint"",""coordinates"":[]}"
200910,0.0899605509542079,10,2009,"{""type"":""MultiPoint"",""coordinates"":[]}"
200911,0.0579099594885968,11,2009,"{""type"":""MultiPoint"",""coordinates"":[]}"
200912,0.19446874230394035,12,2009,"{""type"":""MultiPoint"",""coordinates"":[]}"
201001,0.13888165196639332,1,2010,"{""type"":""MultiPoint"",""coordinates"":[]}"
201002,0.17380149640858805,2,2010,"{""type"":""MultiPoint"",""coordinates"":[]}"
201003,0.09290078790328987,3,2010,"{""type"":""MultiPoint"",""coordinates"":[]}"
201004,0.025795877860880383,4,2010,"{""type"":""MultiPoint"",""coordinates"":[]}"
201005,0.054143160784809075,5,2010,"{""type"":""MultiPoint"",""coordinates"":[]}"
201006,0.013524573996264402,6,2010,"{""type"":""MultiPoint"",""coordinates"":[]}"
201007,0.03605977343603203,7,2010,"{""type"":""MultiPoint"",""coordinates"":[]}"
201008,0.005723946770811224,8,2010,"{""type"":""MultiPoint"",""coordinates"":[]}"
201009,0.04815927082031127,9,2010,"{""type"":""MultiPoint"",""coordinates"":[]}"
201010,0.08189019968099602,10,2010,"{""type"":""MultiPoint"",""coordinates"":[]}"
201011,0.13822221752871028,11,2010,"{""type"":""MultiPoint"",""coordinates"":[]}"
201012,0.10068755905171335,12,2010,"{""type"":""MultiPoint"",""coordinates"":[]}"
201101,0.17580474130583565,1,2011,"{""type"":""MultiPoint"",""coordinates"":[]}"
201102,0.20115264533006705,2,2011,"{""type"":""MultiPoint"",""coordinates"":[]}"
201103,0.11390115687996923,3,2011,"{""type"":""MultiPoint"",""coordinates"":[]}"
201104,0.11582227875862788,4,2011,"{""type"":""MultiPoint"",""coordinates"":[]}"
201105,0.016594351883504534,5,2011,"{""type"":""MultiPoint"",""coordinates"":[]}"
201106,0.019188050633606245,6,2011,"{""type"":""MultiPoint"",""coordinates"":[]}"
201107,0.032999680518854387,7,2011,"{""type"":""MultiPoint"",""coordinates"":[]}"
201108,0.0082456109754845,8,2011,"{""type"":""MultiPoint"",""coordinates"":[]}"
201109,0.04221889514253674,9,2011,"{""type"":""MultiPoint"",""coordinates"":[]}"
201110,0.06084296948007504,10,2011,"{""type"":""MultiPoint"",""coordinates"":[]}"
201111,0.0741634005958219,11,2011,"{""type"":""MultiPoint"",""coordinates"":[]}"
201112,0.19227535683260202,12,2011,"{""type"":""MultiPoint"",""coordinates"":[]}"
201201,0.15081290193241084,1,2012,"{""type"":""MultiPoint"",""coordinates"":[]}"
201202,0.17251605909724055,2,2012,"{""type"":""MultiPoint"",""coordinates"":[]}"
201203,0.1196500624413832,3,2012,"{""type"":""MultiPoint"",""coordinates"":[]}"
201204,0.13498656850833934,4,2012,"{""type"":""MultiPoint"",""coordinates"":[]}"
201205,0.12197353561298085,5,2012,"{""type"":""MultiPoint"",""coordinates"":[]}"
201206,0.04557136791926452,6,2012,"{""type"":""MultiPoint"",""coordinates"":[]}"
201207,0.015820484392322684,7,2012,"{""type"":""MultiPoint"",""coordinates"":[]}"
201208,0.005379322763223699,8,2012,"{""type"":""MultiPoint"",""coordinates"":[]}"
201209,0.038507681273937826,9,2012,"{""type"":""MultiPoint"",""coordinates"":[]}"
201210,0.04584108508422335,10,2012,"{""type"":""MultiPoint"",""coordinates"":[]}"
201211,0.19749293058988776,11,2012,"{""type"":""MultiPoint"",""coordinates"":[]}"
201212,0.10044483358828461,12,2012,"{""type"":""MultiPoint"",""coordinates"":[]}"
201301,0.10079948071098445,1,2013,"{""type"":""MultiPoint"",""coordinates"":[]}"
201302,0.11840803785209152,2,2013,"{""type"":""MultiPoint"",""coordinates"":[]}"
201303,0.0770661836004862,3,2013,"{""type"":""MultiPoint"",""coordinates"":[]}"
201304,0.06081456889508334,4,2013,"{""type"":""MultiPoint"",""coordinates"":[]}"
201305,0.0579139753787426,5,2013,"{""type"":""MultiPoint"",""coordinates"":[]}"
201306,0.0874298733315752,6,2013,"{""type"":""MultiPoint"",""coordinates"":[]}"
201307,0.018197259019853772,7,2013,"{""type"":""MultiPoint"",""coordinates"":[]}"
201308,0.007351515144478198,8,2013,"{""type"":""MultiPoint"",""coordinates"":[]}"
201309,0.028620958153332987,9,2013,"{""type"":""MultiPoint"",""coordinates"":[]}"
201310,0.163691210931655,10,2013,"{""type"":""MultiPoint"",""coordinates"":[]}"
201311,0.08442870237056502,11,2013,"{""type"":""MultiPoint"",""coordinates"":[]}"
201312,0.14444262727480256,12,2013,"{""type"":""MultiPoint"",""coordinates"":[]}"
201401,0.15804832654894188,1,2014,"{""type"":""MultiPoint"",""coordinates"":[]}"
201402,0.13709163985766523,2,2014,"{""type"":""MultiPoint"",""coordinates"":[]}"
201403,0.18056031213279483,3,2014,"{""type"":""MultiPoint"",""coordinates"":[]}"
201404,0.06487153871979094,4,2014,"{""type"":""MultiPoint"",""coordinates"":[]}"
201405,0.12471838138779713,5,2014,"{""type"":""MultiPoint"",""coordinates"":[]}"
201406,0.06164173967241133,6,2014,"{""type"":""MultiPoint"",""coordinates"":[]}"
201407,0.0611207684395449,7,2014,"{""type"":""MultiPoint"",""coordinates"":[]}"
201408,0.010543530687869044,8,2014,"{""type"":""MultiPoint"",""coordinates"":[]}"
201409,0.0319377076689624,9,2014,"{""type"":""MultiPoint"",""coordinates"":[]}"
201410,0.06031442244806865,10,2014,"{""type"":""MultiPoint"",""coordinates"":[]}"
201411,0.13316954874137735,11,2014,"{""type"":""MultiPoint"",""coordinates"":[]}"
201412,0.10216700781485771,12,2014,"{""type"":""MultiPoint"",""coordinates"":[]}"
201501,0.0995779665522758,1,2015,"{""type"":""MultiPoint"",""coordinates"":[]}"
201502,0.15264279650634166,2,2015,"{""type"":""MultiPoint"",""coordinates"":[]}"
201503,0.12125714541525488,3,2015,"{""type"":""MultiPoint"",""coordinates"":[]}"
201504,0.13309008471655173,4,2015,"{""type"":""MultiPoint"",""coordinates"":[]}"
201505,0.11937137239545803,5,2015,"{""type"":""MultiPoint"",""coordinates"":[]}"
201506,0.02471765431758199,6,2015,"{""type"":""MultiPoint"",""coordinates"":[]}"
201507,0.06132926360343874,7,2015,"{""type"":""MultiPoint"",""coordinates"":[]}"
201508,0.011546229998270714,8,2015,"{""type"":""MultiPoint"",""coordinates"":[]}"
201509,0.09295155919283264,9,2015,"{""type"":""MultiPoint"",""coordinates"":[]}"
201510,0.10161403790026032,10,2015,"{""type"":""MultiPoint"",""coordinates"":[]}"
201511,0.08378723978907136,11,2015,"{""type"":""MultiPoint"",""coordinates"":[]}"
201512,0.12672466129533538,12,2015,"{""type"":""MultiPoint"",""coordinates"":[]}"
201601,0.2241245529072456,1,2016,"{""type"":""MultiPoint"",""coordinates"":[]}"
201602,0.17500280520168,2,2016,"{""type"":""MultiPoint"",""coordinates"":[]}"
201603,0.1191996916889947,3,2016,"{""type"":""MultiPoint"",""coordinates"":[]}"
201604,0.06171479818651091,4,2016,"{""type"":""MultiPoint"",""coordinates"":[]}"
201605,0.0839640543161771,5,2016,"{""type"":""MultiPoint"",""coordinates"":[]}"
201606,0.024936483785243994,6,2016,"{""type"":""MultiPoint"",""coordinates"":[]}"
201607,0.010051942871293051,7,2016,"{""type"":""MultiPoint"",""coordinates"":[]}"
201608,0.05667164773300901,8,2016,"{""type"":""MultiPoint"",""coordinates"":[]}"
201609,0.024359557889309404,9,2016,"{""type"":""MultiPoint"",""coordinates"":[]}"
201610,0.08427705213582529,10,2016,"{""type"":""MultiPoint"",""coordinates"":[]}"
201611,0.14346187742706484,11,2016,"{""type"":""MultiPoint"",""coordinates"":[]}"
201612,0.12584862828860127,12,2016,"{""type"":""MultiPoint"",""coordinates"":[]}"
201701,0.10713344675121671,1,2017,"{""type"":""MultiPoint"",""coordinates"":[]}"
201702,0.1489287353843869,2,2017,"{""type"":""MultiPoint"",""coordinates"":[]}"
201703,0.1922631654337655,3,2017,"{""type"":""MultiPoint"",""coordinates"":[]}"
201704,0.13027446630258444,4,2017,"{""type"":""MultiPoint"",""coordinates"":[]}"
201705,0.0724064543311909,5,2017,"{""type"":""MultiPoint"",""coordinates"":[]}"
201706,0.02383020330274011,6,2017,"{""type"":""MultiPoint"",""coordinates"":[]}"
201707,0.0061957608897783905,7,2017,"{""type"":""MultiPoint"",""coordinates"":[]}"
201708,0.03887750808254907,8,2017,"{""type"":""MultiPoint"",""coordinates"":[]}"
201709,0.04254817947779751,9,2017,"{""type"":""MultiPoint"",""coordinates"":[]}"
201710,0.11850762123578742,10,2017,"{""type"":""MultiPoint"",""coordinates"":[]}"
201711,0.14424390600711726,11,2017,"{""type"":""MultiPoint"",""coordinates"":[]}"
201712,0.2089834419492432,12,2017,"{""type"":""MultiPoint"",""coordinates"":[]}"
201801,0.19637194062853894,1,2018,"{""type"":""MultiPoint"",""coordinates"":[]}"
201802,0.208847789709395,2,2018,"{""type"":""MultiPoint"",""coordinates"":[]}"
201803,0.12653392718781398,3,2018,"{""type"":""MultiPoint"",""coordinates"":[]}"
201804,0.047743074484950986,4,2018,"{""type"":""MultiPoint"",""coordinates"":[]}"
201805,0.05410467470059943,5,2018,"{""type"":""MultiPoint"",""coordinates"":[]}"
201806,0.022390458014660126,6,2018,"{""type"":""MultiPoint"",""coordinates"":[]}"
201807,0.006473387573587203,7,2018,"{""type"":""MultiPoint"",""coordinates"":[]}"
201808,0.05106985904976482,8,2018,"{""type"":""MultiPoint"",""coordinates"":[]}"
201809,0.05764813520761756,9,2018,"{""type"":""MultiPoint"",""coordinates"":[]}"
201810,0.1282644729167588,10,2018,"{""type"":""MultiPoint"",""coordinates"":[]}"
201811,0.18758372063108858,11,2018,"{""type"":""MultiPoint"",""coordinates"":[]}"
201812,0.07339478746788329,12,2018,"{""type"":""MultiPoint"",""coordinates"":[]}"
201901,0.06903042968619742,1,2019,"{""type"":""MultiPoint"",""coordinates"":[]}"
201902,0.10223602992482769,2,2019,"{""type"":""MultiPoint"",""coordinates"":[]}"
201903,0.15004569690805425,3,2019,"{""type"":""MultiPoint"",""coordinates"":[]}"
201904,0.13035127501755533,4,2019,"{""type"":""MultiPoint"",""coordinates"":[]}"
201905,0.05162353063316143,5,2019,"{""type"":""MultiPoint"",""coordinates"":[]}"
201906,0.020948033732705745,6,2019,"{""type"":""MultiPoint"",""coordinates"":[]}"
201907,0.020718484639843545,7,2019,"{""type"":""MultiPoint"",""coordinates"":[]}"
201908,0.009328997315423245,8,2019,"{""type"":""MultiPoint"",""coordinates"":[]}"
201909,0.014212654040864137,9,2019,"{""type"":""MultiPoint"",""coordinates"":[]}"
201910,0.05934007957536561,10,2019,"{""type"":""MultiPoint"",""coordinates"":[]}"
201911,0.12784491565873005,11,2019,"{""type"":""MultiPoint"",""coordinates"":[]}"
201912,0.15257952734990837,12,2019,"{""type"":""MultiPoint"",""coordinates"":[]}"
202001,0.10592812279926465,1,2020,"{""type"":""MultiPoint"",""coordinates"":[]}"
202002,0.15121916697045382,2,2020,"{""type"":""MultiPoint"",""coordinates"":[]}"
202003,0.07180362956794745,3,2020,"{""type"":""MultiPoint"",""coordinates"":[]}"
202004,0.027317524850769624,4,2020,"{""type"":""MultiPoint"",""coordinates"":[]}"
202005,0.06069913052301428,5,2020,"{""type"":""MultiPoint"",""coordinates"":[]}"
202006,0.027965159646775546,6,2020,"{""type"":""MultiPoint"",""coordinates"":[]}"
202007,0.010562555430368907,7,2020,"{""type"":""MultiPoint"",""coordinates"":[]}"
202008,0.039451457671085446,8,2020,"{""type"":""MultiPoint"",""coordinates"":[]}"
202009,0.016067269310979147,9,2020,"{""type"":""MultiPoint"",""coordinates"":[]}"
202010,0.06947925116812474,10,2020,"{""type"":""MultiPoint"",""coordinates"":[]}"
202011,0.07013830314234831,11,2020,"{""type"":""MultiPoint"",""coordinates"":[]}"
202012,0.08442877262072469,12,2020,"{""type"":""MultiPoint"",""coordinates"":[]}"
202101,0.16565992520566378,1,2021,"{""type"":""MultiPoint"",""coordinates"":[]}"
202102,0.09134546414341313,2,2021,"{""type"":""MultiPoint"",""coordinates"":[]}"
202103,0.1169008254593176,3,2021,"{""type"":""MultiPoint"",""coordinates"":[]}"
202104,0.10181460940688383,4,2021,"{""type"":""MultiPoint"",""coordinates"":[]}"
202105,0.015176510941146578,5,2021,"{""type"":""MultiPoint"",""coordinates"":[]}"
202106,0.03615858086019427,6,2021,"{""type"":""MultiPoint"",""coordinates"":[]}"
202107,0.005009698070564036,7,2021,"{""type"":""MultiPoint"",""coordinates"":[]}"
202108,0.020491159502688528,8,2021,"{""type"":""MultiPoint"",""coordinates"":[]}"
202109,0.007300790616083852,9,2021,"{""type"":""MultiPoint"",""coordinates"":[]}"
202110,0.07498367112037661,10,2021,"{""type"":""MultiPoint"",""coordinates"":[]}"
202111,0.14759769638789258,11,2021,"{""type"":""MultiPoint"",""coordinates"":[]}"
202112,0.1572544041906743,12,2021,"{""type"":""MultiPoint"",""coordinates"":[]}"
202201,0.09016289639513145,1,2022,"{""type"":""MultiPoint"",""coordinates"":[]}"
202202,0.10017521151353895,2,2022,"{""type"":""MultiPoint"",""coordinates"":[]}"
202203,0.11991020328382258,3,2022,"{""type"":""MultiPoint"",""coordinates"":[]}"
202204,0.03441254188012609,4,2022,"{""type"":""MultiPoint"",""coordinates"":[]}"
202205,0.03386256331985476,5,2022,"{""type"":""MultiPoint"",""coordinates"":[]}"
202206,0.029517646418348895,6,2022,"{""type"":""MultiPoint"",""coordinates"":[]}"
202207,0.003985717120669353,7,2022,"{""type"":""MultiPoint"",""coordinates"":[]}"
202208,0.04042027925654052,8,2022,"{""type"":""MultiPoint"",""coordinates"":[]}"
202209,0.050277708165939315,9,2022,"{""type"":""MultiPoint"",""coordinates"":[]}"
202210,0.11724363589210945,10,2022,"{""type"":""MultiPoint"",""coordinates"":[]}"
202211,0.045806160408407154,11,2022,"{""type"":""MultiPoint"",""coordinates"":[]}"
202212,0.1087607148134519,12,2022,"{""type"":""MultiPoint"",""coordinates"":[]}"
