system:index,TEMP,month,year,.geo
195002,298.2284928,2,1950,"{""type"":""MultiPoint"",""coordinates"":[]}"
195003,296.8424444,3,1950,"{""type"":""MultiPoint"",""coordinates"":[]}"
195004,296.9649823,4,1950,"{""type"":""MultiPoint"",""coordinates"":[]}"
195005,296.5772534,5,1950,"{""type"":""MultiPoint"",""coordinates"":[]}"
195006,293.8386037,6,1950,"{""type"":""MultiPoint"",""coordinates"":[]}"
195007,294.043195,7,1950,"{""type"":""MultiPoint"",""coordinates"":[]}"
195008,297.1903365,8,1950,"{""type"":""MultiPoint"",""coordinates"":[]}"
195009,297.0455932,9,1950,"{""type"":""MultiPoint"",""coordinates"":[]}"
195010,297.438821,10,1950,"{""type"":""MultiPoint"",""coordinates"":[]}"
195011,298.2773912,11,1950,"{""type"":""MultiPoint"",""coordinates"":[]}"
195012,298.3041616,12,1950,"{""type"":""MultiPoint"",""coordinates"":[]}"
195101,298.0107715,1,1951,"{""type"":""MultiPoint"",""coordinates"":[]}"
195102,298.0934301,2,1951,"{""type"":""MultiPoint"",""coordinates"":[]}"
195103,297.7962884,3,1951,"{""type"":""MultiPoint"",""coordinates"":[]}"
195104,295.2751086,4,1951,"{""type"":""MultiPoint"",""coordinates"":[]}"
195105,295.9308352,5,1951,"{""type"":""MultiPoint"",""coordinates"":[]}"
195106,294.3606896,6,1951,"{""type"":""MultiPoint"",""coordinates"":[]}"
195107,295.3903354,7,1951,"{""type"":""MultiPoint"",""coordinates"":[]}"
195108,295.1203935,8,1951,"{""type"":""MultiPoint"",""coordinates"":[]}"
195109,298.2285648,9,1951,"{""type"":""MultiPoint"",""coordinates"":[]}"
195110,298.9593544,10,1951,"{""type"":""MultiPoint"",""coordinates"":[]}"
195111,299.8653095,11,1951,"{""type"":""MultiPoint"",""coordinates"":[]}"
195112,298.5129833,12,1951,"{""type"":""MultiPoint"",""coordinates"":[]}"
195201,298.7261847,1,1952,"{""type"":""MultiPoint"",""coordinates"":[]}"
195202,298.1337788,2,1952,"{""type"":""MultiPoint"",""coordinates"":[]}"
195203,298.1232158,3,1952,"{""type"":""MultiPoint"",""coordinates"":[]}"
195204,295.2063693,4,1952,"{""type"":""MultiPoint"",""coordinates"":[]}"
195205,295.3161309,5,1952,"{""type"":""MultiPoint"",""coordinates"":[]}"
195206,293.7140015,6,1952,"{""type"":""MultiPoint"",""coordinates"":[]}"
195207,294.6822633,7,1952,"{""type"":""MultiPoint"",""coordinates"":[]}"
195208,298.0657396,8,1952,"{""type"":""MultiPoint"",""coordinates"":[]}"
195209,297.0031089,9,1952,"{""type"":""MultiPoint"",""coordinates"":[]}"
195210,297.486462,10,1952,"{""type"":""MultiPoint"",""coordinates"":[]}"
195211,298.0925677,11,1952,"{""type"":""MultiPoint"",""coordinates"":[]}"
195212,298.4637632,12,1952,"{""type"":""MultiPoint"",""coordinates"":[]}"
195301,298.7415733,1,1953,"{""type"":""MultiPoint"",""coordinates"":[]}"
195302,298.1537082,2,1953,"{""type"":""MultiPoint"",""coordinates"":[]}"
195303,297.8827199,3,1953,"{""type"":""MultiPoint"",""coordinates"":[]}"
195304,296.6964131,4,1953,"{""type"":""MultiPoint"",""coordinates"":[]}"
195305,295.571348,5,1953,"{""type"":""MultiPoint"",""coordinates"":[]}"
195306,294.278235,6,1953,"{""type"":""MultiPoint"",""coordinates"":[]}"
195307,293.3872204,7,1953,"{""type"":""MultiPoint"",""coordinates"":[]}"
195308,299.0664385,8,1953,"{""type"":""MultiPoint"",""coordinates"":[]}"
195309,298.7998959,9,1953,"{""type"":""MultiPoint"",""coordinates"":[]}"
195310,298.2591588,10,1953,"{""type"":""MultiPoint"",""coordinates"":[]}"
195311,298.3533397,11,1953,"{""type"":""MultiPoint"",""coordinates"":[]}"
195312,298.8623383,12,1953,"{""type"":""MultiPoint"",""coordinates"":[]}"
195401,299.9481196,1,1954,"{""type"":""MultiPoint"",""coordinates"":[]}"
195402,298.9198674,2,1954,"{""type"":""MultiPoint"",""coordinates"":[]}"
195403,298.0137693,3,1954,"{""type"":""MultiPoint"",""coordinates"":[]}"
195404,297.4390826,4,1954,"{""type"":""MultiPoint"",""coordinates"":[]}"
195405,295.1869031,5,1954,"{""type"":""MultiPoint"",""coordinates"":[]}"
195406,295.2692571,6,1954,"{""type"":""MultiPoint"",""coordinates"":[]}"
195407,294.1147923,7,1954,"{""type"":""MultiPoint"",""coordinates"":[]}"
195408,298.1665091,8,1954,"{""type"":""MultiPoint"",""coordinates"":[]}"
195409,300.7353538,9,1954,"{""type"":""MultiPoint"",""coordinates"":[]}"
195410,299.1756324,10,1954,"{""type"":""MultiPoint"",""coordinates"":[]}"
195411,299.9480393,11,1954,"{""type"":""MultiPoint"",""coordinates"":[]}"
195412,299.4071145,12,1954,"{""type"":""MultiPoint"",""coordinates"":[]}"
195501,298.3798319,1,1955,"{""type"":""MultiPoint"",""coordinates"":[]}"
195502,299.4434527,2,1955,"{""type"":""MultiPoint"",""coordinates"":[]}"
195503,299.2976668,3,1955,"{""type"":""MultiPoint"",""coordinates"":[]}"
195504,297.405333,4,1955,"{""type"":""MultiPoint"",""coordinates"":[]}"
195505,295.7059117,5,1955,"{""type"":""MultiPoint"",""coordinates"":[]}"
195506,295.4305836,6,1955,"{""type"":""MultiPoint"",""coordinates"":[]}"
195507,293.3886383,7,1955,"{""type"":""MultiPoint"",""coordinates"":[]}"
195508,297.3701447,8,1955,"{""type"":""MultiPoint"",""coordinates"":[]}"
195509,301.2224567,9,1955,"{""type"":""MultiPoint"",""coordinates"":[]}"
195510,300.035879,10,1955,"{""type"":""MultiPoint"",""coordinates"":[]}"
195511,299.0996969,11,1955,"{""type"":""MultiPoint"",""coordinates"":[]}"
195512,298.5396298,12,1955,"{""type"":""MultiPoint"",""coordinates"":[]}"
195601,299.6861235,1,1956,"{""type"":""MultiPoint"",""coordinates"":[]}"
195602,299.3984778,2,1956,"{""type"":""MultiPoint"",""coordinates"":[]}"
195603,298.4374461,3,1956,"{""type"":""MultiPoint"",""coordinates"":[]}"
195604,297.3164987,4,1956,"{""type"":""MultiPoint"",""coordinates"":[]}"
195605,293.4533612,5,1956,"{""type"":""MultiPoint"",""coordinates"":[]}"
195606,292.60206,6,1956,"{""type"":""MultiPoint"",""coordinates"":[]}"
195607,293.7191888,7,1956,"{""type"":""MultiPoint"",""coordinates"":[]}"
195608,295.9137051,8,1956,"{""type"":""MultiPoint"",""coordinates"":[]}"
195609,299.1312218,9,1956,"{""type"":""MultiPoint"",""coordinates"":[]}"
195610,298.523885,10,1956,"{""type"":""MultiPoint"",""coordinates"":[]}"
195611,297.983249,11,1956,"{""type"":""MultiPoint"",""coordinates"":[]}"
195612,298.9667186,12,1956,"{""type"":""MultiPoint"",""coordinates"":[]}"
195701,298.51535,1,1957,"{""type"":""MultiPoint"",""coordinates"":[]}"
195702,298.2596498,2,1957,"{""type"":""MultiPoint"",""coordinates"":[]}"
195703,298.2939987,3,1957,"{""type"":""MultiPoint"",""coordinates"":[]}"
195704,296.2486914,4,1957,"{""type"":""MultiPoint"",""coordinates"":[]}"
195705,296.4689063,5,1957,"{""type"":""MultiPoint"",""coordinates"":[]}"
195706,294.7343844,6,1957,"{""type"":""MultiPoint"",""coordinates"":[]}"
195707,292.6341388,7,1957,"{""type"":""MultiPoint"",""coordinates"":[]}"
195708,298.5115124,8,1957,"{""type"":""MultiPoint"",""coordinates"":[]}"
195709,298.1626102,9,1957,"{""type"":""MultiPoint"",""coordinates"":[]}"
195710,300.7475453,10,1957,"{""type"":""MultiPoint"",""coordinates"":[]}"
195711,299.4124147,11,1957,"{""type"":""MultiPoint"",""coordinates"":[]}"
195712,299.691548,12,1957,"{""type"":""MultiPoint"",""coordinates"":[]}"
195801,300.0732361,1,1958,"{""type"":""MultiPoint"",""coordinates"":[]}"
195802,299.6587683,2,1958,"{""type"":""MultiPoint"",""coordinates"":[]}"
195803,298.7879907,3,1958,"{""type"":""MultiPoint"",""coordinates"":[]}"
195804,296.6116216,4,1958,"{""type"":""MultiPoint"",""coordinates"":[]}"
195805,294.6591472,5,1958,"{""type"":""MultiPoint"",""coordinates"":[]}"
195806,295.7601979,6,1958,"{""type"":""MultiPoint"",""coordinates"":[]}"
195807,295.7495351,7,1958,"{""type"":""MultiPoint"",""coordinates"":[]}"
195808,294.9889994,8,1958,"{""type"":""MultiPoint"",""coordinates"":[]}"
195809,298.7149425,9,1958,"{""type"":""MultiPoint"",""coordinates"":[]}"
195810,298.5761975,10,1958,"{""type"":""MultiPoint"",""coordinates"":[]}"
195811,299.2633288,11,1958,"{""type"":""MultiPoint"",""coordinates"":[]}"
195812,299.318877,12,1958,"{""type"":""MultiPoint"",""coordinates"":[]}"
195901,298.6681433,1,1959,"{""type"":""MultiPoint"",""coordinates"":[]}"
195902,299.8521771,2,1959,"{""type"":""MultiPoint"",""coordinates"":[]}"
195903,298.0147066,3,1959,"{""type"":""MultiPoint"",""coordinates"":[]}"
195904,298.0458135,4,1959,"{""type"":""MultiPoint"",""coordinates"":[]}"
195905,295.4947186,5,1959,"{""type"":""MultiPoint"",""coordinates"":[]}"
195906,294.9090451,6,1959,"{""type"":""MultiPoint"",""coordinates"":[]}"
195907,297.3503384,7,1959,"{""type"":""MultiPoint"",""coordinates"":[]}"
195908,297.3836047,8,1959,"{""type"":""MultiPoint"",""coordinates"":[]}"
195909,300.3483096,9,1959,"{""type"":""MultiPoint"",""coordinates"":[]}"
195910,301.5349056,10,1959,"{""type"":""MultiPoint"",""coordinates"":[]}"
195911,299.9025139,11,1959,"{""type"":""MultiPoint"",""coordinates"":[]}"
195912,299.6482166,12,1959,"{""type"":""MultiPoint"",""coordinates"":[]}"
196001,298.8592168,1,1960,"{""type"":""MultiPoint"",""coordinates"":[]}"
196002,298.2506978,2,1960,"{""type"":""MultiPoint"",""coordinates"":[]}"
196003,297.7440711,3,1960,"{""type"":""MultiPoint"",""coordinates"":[]}"
196004,297.3451355,4,1960,"{""type"":""MultiPoint"",""coordinates"":[]}"
196005,294.0203988,5,1960,"{""type"":""MultiPoint"",""coordinates"":[]}"
196006,295.7356234,6,1960,"{""type"":""MultiPoint"",""coordinates"":[]}"
196007,295.7575352,7,1960,"{""type"":""MultiPoint"",""coordinates"":[]}"
196008,297.0452844,8,1960,"{""type"":""MultiPoint"",""coordinates"":[]}"
196009,300.9453087,9,1960,"{""type"":""MultiPoint"",""coordinates"":[]}"
196010,302.7670344,10,1960,"{""type"":""MultiPoint"",""coordinates"":[]}"
196011,298.9931342,11,1960,"{""type"":""MultiPoint"",""coordinates"":[]}"
196012,299.85649,12,1960,"{""type"":""MultiPoint"",""coordinates"":[]}"
196101,300.9455255,1,1961,"{""type"":""MultiPoint"",""coordinates"":[]}"
196102,300.3223398,2,1961,"{""type"":""MultiPoint"",""coordinates"":[]}"
196103,300.2658539,3,1961,"{""type"":""MultiPoint"",""coordinates"":[]}"
196104,300.384099,4,1961,"{""type"":""MultiPoint"",""coordinates"":[]}"
196105,299.8523768,5,1961,"{""type"":""MultiPoint"",""coordinates"":[]}"
196106,296.0873699,6,1961,"{""type"":""MultiPoint"",""coordinates"":[]}"
196107,297.9092061,7,1961,"{""type"":""MultiPoint"",""coordinates"":[]}"
196108,302.2606689,8,1961,"{""type"":""MultiPoint"",""coordinates"":[]}"
196109,303.9534656,9,1961,"{""type"":""MultiPoint"",""coordinates"":[]}"
196110,305.2187106,10,1961,"{""type"":""MultiPoint"",""coordinates"":[]}"
196111,300.4933262,11,1961,"{""type"":""MultiPoint"",""coordinates"":[]}"
196112,299.3274039,12,1961,"{""type"":""MultiPoint"",""coordinates"":[]}"
196201,298.2424889,1,1962,"{""type"":""MultiPoint"",""coordinates"":[]}"
196202,299.0759072,2,1962,"{""type"":""MultiPoint"",""coordinates"":[]}"
196203,298.8615589,3,1962,"{""type"":""MultiPoint"",""coordinates"":[]}"
196204,296.8140123,4,1962,"{""type"":""MultiPoint"",""coordinates"":[]}"
196205,294.7432798,5,1962,"{""type"":""MultiPoint"",""coordinates"":[]}"
196206,293.261084,6,1962,"{""type"":""MultiPoint"",""coordinates"":[]}"
196207,291.5947378,7,1962,"{""type"":""MultiPoint"",""coordinates"":[]}"
196208,297.3883806,8,1962,"{""type"":""MultiPoint"",""coordinates"":[]}"
196209,300.7489846,9,1962,"{""type"":""MultiPoint"",""coordinates"":[]}"
196210,298.2779727,10,1962,"{""type"":""MultiPoint"",""coordinates"":[]}"
196211,300.2934734,11,1962,"{""type"":""MultiPoint"",""coordinates"":[]}"
196212,299.0421764,12,1962,"{""type"":""MultiPoint"",""coordinates"":[]}"
196301,299.132192,1,1963,"{""type"":""MultiPoint"",""coordinates"":[]}"
196302,298.2303244,2,1963,"{""type"":""MultiPoint"",""coordinates"":[]}"
196303,299.0025892,3,1963,"{""type"":""MultiPoint"",""coordinates"":[]}"
196304,297.7271525,4,1963,"{""type"":""MultiPoint"",""coordinates"":[]}"
196305,296.2559315,5,1963,"{""type"":""MultiPoint"",""coordinates"":[]}"
196306,295.1740643,6,1963,"{""type"":""MultiPoint"",""coordinates"":[]}"
196307,296.9259731,7,1963,"{""type"":""MultiPoint"",""coordinates"":[]}"
196308,299.9840258,8,1963,"{""type"":""MultiPoint"",""coordinates"":[]}"
196309,302.17185,9,1963,"{""type"":""MultiPoint"",""coordinates"":[]}"
196310,304.8519438,10,1963,"{""type"":""MultiPoint"",""coordinates"":[]}"
196311,300.0641461,11,1963,"{""type"":""MultiPoint"",""coordinates"":[]}"
196312,300.2738888,12,1963,"{""type"":""MultiPoint"",""coordinates"":[]}"
196401,300.4422998,1,1964,"{""type"":""MultiPoint"",""coordinates"":[]}"
196402,299.4329097,2,1964,"{""type"":""MultiPoint"",""coordinates"":[]}"
196403,298.4842432,3,1964,"{""type"":""MultiPoint"",""coordinates"":[]}"
196404,298.396106,4,1964,"{""type"":""MultiPoint"",""coordinates"":[]}"
196405,296.3121618,5,1964,"{""type"":""MultiPoint"",""coordinates"":[]}"
196406,293.9761307,6,1964,"{""type"":""MultiPoint"",""coordinates"":[]}"
196407,293.4637808,7,1964,"{""type"":""MultiPoint"",""coordinates"":[]}"
196408,298.0230175,8,1964,"{""type"":""MultiPoint"",""coordinates"":[]}"
196409,299.6901209,9,1964,"{""type"":""MultiPoint"",""coordinates"":[]}"
196410,297.5562839,10,1964,"{""type"":""MultiPoint"",""coordinates"":[]}"
196411,298.2184549,11,1964,"{""type"":""MultiPoint"",""coordinates"":[]}"
196412,298.3924608,12,1964,"{""type"":""MultiPoint"",""coordinates"":[]}"
196501,297.3112719,1,1965,"{""type"":""MultiPoint"",""coordinates"":[]}"
196502,298.1055508,2,1965,"{""type"":""MultiPoint"",""coordinates"":[]}"
196503,296.7975745,3,1965,"{""type"":""MultiPoint"",""coordinates"":[]}"
196504,297.1144732,4,1965,"{""type"":""MultiPoint"",""coordinates"":[]}"
196505,295.9005755,5,1965,"{""type"":""MultiPoint"",""coordinates"":[]}"
196506,295.8703247,6,1965,"{""type"":""MultiPoint"",""coordinates"":[]}"
196507,294.6133512,7,1965,"{""type"":""MultiPoint"",""coordinates"":[]}"
196508,297.5293384,8,1965,"{""type"":""MultiPoint"",""coordinates"":[]}"
196509,298.6805042,9,1965,"{""type"":""MultiPoint"",""coordinates"":[]}"
196510,299.3295335,10,1965,"{""type"":""MultiPoint"",""coordinates"":[]}"
196511,298.6638586,11,1965,"{""type"":""MultiPoint"",""coordinates"":[]}"
196512,300.7012402,12,1965,"{""type"":""MultiPoint"",""coordinates"":[]}"
196601,299.9365838,1,1966,"{""type"":""MultiPoint"",""coordinates"":[]}"
196602,299.0262023,2,1966,"{""type"":""MultiPoint"",""coordinates"":[]}"
196603,298.4903676,3,1966,"{""type"":""MultiPoint"",""coordinates"":[]}"
196604,297.4403982,4,1966,"{""type"":""MultiPoint"",""coordinates"":[]}"
196605,296.1142165,5,1966,"{""type"":""MultiPoint"",""coordinates"":[]}"
196606,296.217602,6,1966,"{""type"":""MultiPoint"",""coordinates"":[]}"
196607,294.6428124,7,1966,"{""type"":""MultiPoint"",""coordinates"":[]}"
196608,294.6993883,8,1966,"{""type"":""MultiPoint"",""coordinates"":[]}"
196609,297.1445379,9,1966,"{""type"":""MultiPoint"",""coordinates"":[]}"
196610,298.3526194,10,1966,"{""type"":""MultiPoint"",""coordinates"":[]}"
196611,298.6793626,11,1966,"{""type"":""MultiPoint"",""coordinates"":[]}"
196612,299.6909771,12,1966,"{""type"":""MultiPoint"",""coordinates"":[]}"
196701,299.0352179,1,1967,"{""type"":""MultiPoint"",""coordinates"":[]}"
196702,298.8549993,2,1967,"{""type"":""MultiPoint"",""coordinates"":[]}"
196703,297.9859709,3,1967,"{""type"":""MultiPoint"",""coordinates"":[]}"
196704,297.5693894,4,1967,"{""type"":""MultiPoint"",""coordinates"":[]}"
196705,298.4141199,5,1967,"{""type"":""MultiPoint"",""coordinates"":[]}"
196706,293.6121728,6,1967,"{""type"":""MultiPoint"",""coordinates"":[]}"
196707,295.9344525,7,1967,"{""type"":""MultiPoint"",""coordinates"":[]}"
196708,298.735764,8,1967,"{""type"":""MultiPoint"",""coordinates"":[]}"
196709,300.5411564,9,1967,"{""type"":""MultiPoint"",""coordinates"":[]}"
196710,300.5474689,10,1967,"{""type"":""MultiPoint"",""coordinates"":[]}"
196711,298.9119317,11,1967,"{""type"":""MultiPoint"",""coordinates"":[]}"
196712,299.734474,12,1967,"{""type"":""MultiPoint"",""coordinates"":[]}"
196801,300.2257771,1,1968,"{""type"":""MultiPoint"",""coordinates"":[]}"
196802,299.7319963,2,1968,"{""type"":""MultiPoint"",""coordinates"":[]}"
196803,299.4326496,3,1968,"{""type"":""MultiPoint"",""coordinates"":[]}"
196804,297.1440554,4,1968,"{""type"":""MultiPoint"",""coordinates"":[]}"
196805,293.6364384,5,1968,"{""type"":""MultiPoint"",""coordinates"":[]}"
196806,296.0853995,6,1968,"{""type"":""MultiPoint"",""coordinates"":[]}"
196807,296.867003,7,1968,"{""type"":""MultiPoint"",""coordinates"":[]}"
196808,297.3821011,8,1968,"{""type"":""MultiPoint"",""coordinates"":[]}"
196809,297.1002586,9,1968,"{""type"":""MultiPoint"",""coordinates"":[]}"
196810,300.4399075,10,1968,"{""type"":""MultiPoint"",""coordinates"":[]}"
196811,301.778181,11,1968,"{""type"":""MultiPoint"",""coordinates"":[]}"
196812,299.1017154,12,1968,"{""type"":""MultiPoint"",""coordinates"":[]}"
196901,300.708143,1,1969,"{""type"":""MultiPoint"",""coordinates"":[]}"
196902,301.3043673,2,1969,"{""type"":""MultiPoint"",""coordinates"":[]}"
196903,300.6786802,3,1969,"{""type"":""MultiPoint"",""coordinates"":[]}"
196904,299.4327744,4,1969,"{""type"":""MultiPoint"",""coordinates"":[]}"
196905,297.9058432,5,1969,"{""type"":""MultiPoint"",""coordinates"":[]}"
196906,295.8257013,6,1969,"{""type"":""MultiPoint"",""coordinates"":[]}"
196907,296.3403299,7,1969,"{""type"":""MultiPoint"",""coordinates"":[]}"
196908,297.7577142,8,1969,"{""type"":""MultiPoint"",""coordinates"":[]}"
196909,301.7864214,9,1969,"{""type"":""MultiPoint"",""coordinates"":[]}"
196910,299.286238,10,1969,"{""type"":""MultiPoint"",""coordinates"":[]}"
196911,300.7358019,11,1969,"{""type"":""MultiPoint"",""coordinates"":[]}"
196912,299.5831918,12,1969,"{""type"":""MultiPoint"",""coordinates"":[]}"
197001,300.3530085,1,1970,"{""type"":""MultiPoint"",""coordinates"":[]}"
197002,299.3897068,2,1970,"{""type"":""MultiPoint"",""coordinates"":[]}"
197003,299.0946674,3,1970,"{""type"":""MultiPoint"",""coordinates"":[]}"
197004,299.0930771,4,1970,"{""type"":""MultiPoint"",""coordinates"":[]}"
197005,296.8744159,5,1970,"{""type"":""MultiPoint"",""coordinates"":[]}"
197006,295.9033256,6,1970,"{""type"":""MultiPoint"",""coordinates"":[]}"
197007,295.2448888,7,1970,"{""type"":""MultiPoint"",""coordinates"":[]}"
197008,297.4570285,8,1970,"{""type"":""MultiPoint"",""coordinates"":[]}"
197009,299.0628702,9,1970,"{""type"":""MultiPoint"",""coordinates"":[]}"
197010,299.9448083,10,1970,"{""type"":""MultiPoint"",""coordinates"":[]}"
197011,299.6498014,11,1970,"{""type"":""MultiPoint"",""coordinates"":[]}"
197012,301.296282,12,1970,"{""type"":""MultiPoint"",""coordinates"":[]}"
197101,300.0218783,1,1971,"{""type"":""MultiPoint"",""coordinates"":[]}"
197102,299.8775286,2,1971,"{""type"":""MultiPoint"",""coordinates"":[]}"
197103,298.7995353,3,1971,"{""type"":""MultiPoint"",""coordinates"":[]}"
197104,297.1146672,4,1971,"{""type"":""MultiPoint"",""coordinates"":[]}"
197105,294.7653452,5,1971,"{""type"":""MultiPoint"",""coordinates"":[]}"
197106,292.6851769,6,1971,"{""type"":""MultiPoint"",""coordinates"":[]}"
197107,295.2856621,7,1971,"{""type"":""MultiPoint"",""coordinates"":[]}"
197108,296.0384922,8,1971,"{""type"":""MultiPoint"",""coordinates"":[]}"
197109,300.1255462,9,1971,"{""type"":""MultiPoint"",""coordinates"":[]}"
197110,296.7343974,10,1971,"{""type"":""MultiPoint"",""coordinates"":[]}"
197111,298.6003254,11,1971,"{""type"":""MultiPoint"",""coordinates"":[]}"
197112,299.7885515,12,1971,"{""type"":""MultiPoint"",""coordinates"":[]}"
197201,300.0860208,1,1972,"{""type"":""MultiPoint"",""coordinates"":[]}"
197202,298.6709112,2,1972,"{""type"":""MultiPoint"",""coordinates"":[]}"
197203,299.0675375,3,1972,"{""type"":""MultiPoint"",""coordinates"":[]}"
197204,296.7589636,4,1972,"{""type"":""MultiPoint"",""coordinates"":[]}"
197205,298.0549118,5,1972,"{""type"":""MultiPoint"",""coordinates"":[]}"
197206,296.6262352,6,1972,"{""type"":""MultiPoint"",""coordinates"":[]}"
197207,295.2944547,7,1972,"{""type"":""MultiPoint"",""coordinates"":[]}"
197208,296.6771842,8,1972,"{""type"":""MultiPoint"",""coordinates"":[]}"
197209,299.5004282,9,1972,"{""type"":""MultiPoint"",""coordinates"":[]}"
197210,300.1928305,10,1972,"{""type"":""MultiPoint"",""coordinates"":[]}"
197211,300.7105361,11,1972,"{""type"":""MultiPoint"",""coordinates"":[]}"
197212,300.1272146,12,1972,"{""type"":""MultiPoint"",""coordinates"":[]}"
197301,302.0191937,1,1973,"{""type"":""MultiPoint"",""coordinates"":[]}"
197302,301.091259,2,1973,"{""type"":""MultiPoint"",""coordinates"":[]}"
197303,300.5563222,3,1973,"{""type"":""MultiPoint"",""coordinates"":[]}"
197304,299.8001645,4,1973,"{""type"":""MultiPoint"",""coordinates"":[]}"
197305,296.61053,5,1973,"{""type"":""MultiPoint"",""coordinates"":[]}"
197306,296.4889918,6,1973,"{""type"":""MultiPoint"",""coordinates"":[]}"
197307,294.3009592,7,1973,"{""type"":""MultiPoint"",""coordinates"":[]}"
197308,296.0923137,8,1973,"{""type"":""MultiPoint"",""coordinates"":[]}"
197309,299.2275129,9,1973,"{""type"":""MultiPoint"",""coordinates"":[]}"
197310,299.6913553,10,1973,"{""type"":""MultiPoint"",""coordinates"":[]}"
197311,298.6357437,11,1973,"{""type"":""MultiPoint"",""coordinates"":[]}"
197312,299.0607742,12,1973,"{""type"":""MultiPoint"",""coordinates"":[]}"
197401,299.6984031,1,1974,"{""type"":""MultiPoint"",""coordinates"":[]}"
197402,299.7728537,2,1974,"{""type"":""MultiPoint"",""coordinates"":[]}"
197403,298.2341311,3,1974,"{""type"":""MultiPoint"",""coordinates"":[]}"
197404,297.0116192,4,1974,"{""type"":""MultiPoint"",""coordinates"":[]}"
197405,295.752292,5,1974,"{""type"":""MultiPoint"",""coordinates"":[]}"
197406,294.9000528,6,1974,"{""type"":""MultiPoint"",""coordinates"":[]}"
197407,295.2577158,7,1974,"{""type"":""MultiPoint"",""coordinates"":[]}"
197408,297.0101393,8,1974,"{""type"":""MultiPoint"",""coordinates"":[]}"
197409,298.9450436,9,1974,"{""type"":""MultiPoint"",""coordinates"":[]}"
197410,298.1692092,10,1974,"{""type"":""MultiPoint"",""coordinates"":[]}"
197411,299.6869314,11,1974,"{""type"":""MultiPoint"",""coordinates"":[]}"
197412,299.019993,12,1974,"{""type"":""MultiPoint"",""coordinates"":[]}"
197501,299.9851985,1,1975,"{""type"":""MultiPoint"",""coordinates"":[]}"
197502,300.0335496,2,1975,"{""type"":""MultiPoint"",""coordinates"":[]}"
197503,299.5556232,3,1975,"{""type"":""MultiPoint"",""coordinates"":[]}"
197504,297.7459806,4,1975,"{""type"":""MultiPoint"",""coordinates"":[]}"
197505,295.2120246,5,1975,"{""type"":""MultiPoint"",""coordinates"":[]}"
197506,295.6714537,6,1975,"{""type"":""MultiPoint"",""coordinates"":[]}"
197507,293.169015,7,1975,"{""type"":""MultiPoint"",""coordinates"":[]}"
197508,297.1112206,8,1975,"{""type"":""MultiPoint"",""coordinates"":[]}"
197509,299.9815464,9,1975,"{""type"":""MultiPoint"",""coordinates"":[]}"
197510,299.1816418,10,1975,"{""type"":""MultiPoint"",""coordinates"":[]}"
197511,299.0700415,11,1975,"{""type"":""MultiPoint"",""coordinates"":[]}"
197512,299.8002389,12,1975,"{""type"":""MultiPoint"",""coordinates"":[]}"
197601,299.903262,1,1976,"{""type"":""MultiPoint"",""coordinates"":[]}"
197602,298.4322381,2,1976,"{""type"":""MultiPoint"",""coordinates"":[]}"
197603,298.0008501,3,1976,"{""type"":""MultiPoint"",""coordinates"":[]}"
197604,297.1570609,4,1976,"{""type"":""MultiPoint"",""coordinates"":[]}"
197605,295.5229912,5,1976,"{""type"":""MultiPoint"",""coordinates"":[]}"
197606,293.717599,6,1976,"{""type"":""MultiPoint"",""coordinates"":[]}"
197607,295.3397668,7,1976,"{""type"":""MultiPoint"",""coordinates"":[]}"
197608,296.2707759,8,1976,"{""type"":""MultiPoint"",""coordinates"":[]}"
197609,296.1492124,9,1976,"{""type"":""MultiPoint"",""coordinates"":[]}"
197610,298.5416484,10,1976,"{""type"":""MultiPoint"",""coordinates"":[]}"
197611,298.4701079,11,1976,"{""type"":""MultiPoint"",""coordinates"":[]}"
197612,299.0642921,12,1976,"{""type"":""MultiPoint"",""coordinates"":[]}"
197701,299.0313418,1,1977,"{""type"":""MultiPoint"",""coordinates"":[]}"
197702,299.454107,2,1977,"{""type"":""MultiPoint"",""coordinates"":[]}"
197703,299.6740654,3,1977,"{""type"":""MultiPoint"",""coordinates"":[]}"
197704,297.0416568,4,1977,"{""type"":""MultiPoint"",""coordinates"":[]}"
197705,294.8676986,5,1977,"{""type"":""MultiPoint"",""coordinates"":[]}"
197706,294.7544532,6,1977,"{""type"":""MultiPoint"",""coordinates"":[]}"
197707,297.3936317,7,1977,"{""type"":""MultiPoint"",""coordinates"":[]}"
197708,297.0271128,8,1977,"{""type"":""MultiPoint"",""coordinates"":[]}"
197709,298.3164241,9,1977,"{""type"":""MultiPoint"",""coordinates"":[]}"
197710,298.8955996,10,1977,"{""type"":""MultiPoint"",""coordinates"":[]}"
197711,299.3931399,11,1977,"{""type"":""MultiPoint"",""coordinates"":[]}"
197712,299.2425878,12,1977,"{""type"":""MultiPoint"",""coordinates"":[]}"
197801,299.6311935,1,1978,"{""type"":""MultiPoint"",""coordinates"":[]}"
197802,300.1843443,2,1978,"{""type"":""MultiPoint"",""coordinates"":[]}"
197803,300.0900746,3,1978,"{""type"":""MultiPoint"",""coordinates"":[]}"
197804,297.6902952,4,1978,"{""type"":""MultiPoint"",""coordinates"":[]}"
197805,295.4490345,5,1978,"{""type"":""MultiPoint"",""coordinates"":[]}"
197806,294.5757366,6,1978,"{""type"":""MultiPoint"",""coordinates"":[]}"
197807,297.071649,7,1978,"{""type"":""MultiPoint"",""coordinates"":[]}"
197808,295.1998599,8,1978,"{""type"":""MultiPoint"",""coordinates"":[]}"
197809,298.0050047,9,1978,"{""type"":""MultiPoint"",""coordinates"":[]}"
197810,300.0761824,10,1978,"{""type"":""MultiPoint"",""coordinates"":[]}"
197811,299.8888683,11,1978,"{""type"":""MultiPoint"",""coordinates"":[]}"
197812,299.7880582,12,1978,"{""type"":""MultiPoint"",""coordinates"":[]}"
197901,299.1545546,1,1979,"{""type"":""MultiPoint"",""coordinates"":[]}"
197902,299.4566603,2,1979,"{""type"":""MultiPoint"",""coordinates"":[]}"
197903,298.8122656,3,1979,"{""type"":""MultiPoint"",""coordinates"":[]}"
197904,296.515839,4,1979,"{""type"":""MultiPoint"",""coordinates"":[]}"
197905,295.6306531,5,1979,"{""type"":""MultiPoint"",""coordinates"":[]}"
197906,293.6758435,6,1979,"{""type"":""MultiPoint"",""coordinates"":[]}"
197907,294.6958485,7,1979,"{""type"":""MultiPoint"",""coordinates"":[]}"
197908,298.2336921,8,1979,"{""type"":""MultiPoint"",""coordinates"":[]}"
197909,296.609361,9,1979,"{""type"":""MultiPoint"",""coordinates"":[]}"
197910,300.2905375,10,1979,"{""type"":""MultiPoint"",""coordinates"":[]}"
197911,298.8703905,11,1979,"{""type"":""MultiPoint"",""coordinates"":[]}"
197912,299.537971,12,1979,"{""type"":""MultiPoint"",""coordinates"":[]}"
198001,298.9312019,1,1980,"{""type"":""MultiPoint"",""coordinates"":[]}"
198002,298.7869893,2,1980,"{""type"":""MultiPoint"",""coordinates"":[]}"
198003,299.4677811,3,1980,"{""type"":""MultiPoint"",""coordinates"":[]}"
198004,298.0737963,4,1980,"{""type"":""MultiPoint"",""coordinates"":[]}"
198005,296.686489,5,1980,"{""type"":""MultiPoint"",""coordinates"":[]}"
198006,294.1771129,6,1980,"{""type"":""MultiPoint"",""coordinates"":[]}"
198007,294.7867581,7,1980,"{""type"":""MultiPoint"",""coordinates"":[]}"
198008,296.8669455,8,1980,"{""type"":""MultiPoint"",""coordinates"":[]}"
198009,296.5514464,9,1980,"{""type"":""MultiPoint"",""coordinates"":[]}"
198010,299.5197618,10,1980,"{""type"":""MultiPoint"",""coordinates"":[]}"
198011,298.5806695,11,1980,"{""type"":""MultiPoint"",""coordinates"":[]}"
198012,298.9867465,12,1980,"{""type"":""MultiPoint"",""coordinates"":[]}"
198101,299.1479804,1,1981,"{""type"":""MultiPoint"",""coordinates"":[]}"
198102,299.4769078,2,1981,"{""type"":""MultiPoint"",""coordinates"":[]}"
198103,298.8066432,3,1981,"{""type"":""MultiPoint"",""coordinates"":[]}"
198104,298.2499176,4,1981,"{""type"":""MultiPoint"",""coordinates"":[]}"
198105,297.4206549,5,1981,"{""type"":""MultiPoint"",""coordinates"":[]}"
198106,292.5444328,6,1981,"{""type"":""MultiPoint"",""coordinates"":[]}"
198107,292.5983692,7,1981,"{""type"":""MultiPoint"",""coordinates"":[]}"
198108,297.2962576,8,1981,"{""type"":""MultiPoint"",""coordinates"":[]}"
198109,297.1982956,9,1981,"{""type"":""MultiPoint"",""coordinates"":[]}"
198110,298.1901207,10,1981,"{""type"":""MultiPoint"",""coordinates"":[]}"
198111,299.5985149,11,1981,"{""type"":""MultiPoint"",""coordinates"":[]}"
198112,299.1448713,12,1981,"{""type"":""MultiPoint"",""coordinates"":[]}"
198201,298.7316295,1,1982,"{""type"":""MultiPoint"",""coordinates"":[]}"
198202,298.5999021,2,1982,"{""type"":""MultiPoint"",""coordinates"":[]}"
198203,297.7951477,3,1982,"{""type"":""MultiPoint"",""coordinates"":[]}"
198204,297.1632447,4,1982,"{""type"":""MultiPoint"",""coordinates"":[]}"
198205,295.4987621,5,1982,"{""type"":""MultiPoint"",""coordinates"":[]}"
198206,295.174772,6,1982,"{""type"":""MultiPoint"",""coordinates"":[]}"
198207,296.0652769,7,1982,"{""type"":""MultiPoint"",""coordinates"":[]}"
198208,296.8263707,8,1982,"{""type"":""MultiPoint"",""coordinates"":[]}"
198209,297.7572699,9,1982,"{""type"":""MultiPoint"",""coordinates"":[]}"
198210,298.4882927,10,1982,"{""type"":""MultiPoint"",""coordinates"":[]}"
198211,299.3321596,11,1982,"{""type"":""MultiPoint"",""coordinates"":[]}"
198212,298.9472371,12,1982,"{""type"":""MultiPoint"",""coordinates"":[]}"
198301,299.5332668,1,1983,"{""type"":""MultiPoint"",""coordinates"":[]}"
198302,299.624313,2,1983,"{""type"":""MultiPoint"",""coordinates"":[]}"
198303,298.8601248,3,1983,"{""type"":""MultiPoint"",""coordinates"":[]}"
198304,298.2087848,4,1983,"{""type"":""MultiPoint"",""coordinates"":[]}"
198305,297.0361666,5,1983,"{""type"":""MultiPoint"",""coordinates"":[]}"
198306,292.8372252,6,1983,"{""type"":""MultiPoint"",""coordinates"":[]}"
198307,294.3665097,7,1983,"{""type"":""MultiPoint"",""coordinates"":[]}"
198308,295.9945943,8,1983,"{""type"":""MultiPoint"",""coordinates"":[]}"
198309,296.6902768,9,1983,"{""type"":""MultiPoint"",""coordinates"":[]}"
198310,298.4053479,10,1983,"{""type"":""MultiPoint"",""coordinates"":[]}"
198311,297.8807044,11,1983,"{""type"":""MultiPoint"",""coordinates"":[]}"
198312,299.0373178,12,1983,"{""type"":""MultiPoint"",""coordinates"":[]}"
198401,299.6260162,1,1984,"{""type"":""MultiPoint"",""coordinates"":[]}"
198402,300.0973323,2,1984,"{""type"":""MultiPoint"",""coordinates"":[]}"
198403,299.2603515,3,1984,"{""type"":""MultiPoint"",""coordinates"":[]}"
198404,296.4216729,4,1984,"{""type"":""MultiPoint"",""coordinates"":[]}"
198405,297.010587,5,1984,"{""type"":""MultiPoint"",""coordinates"":[]}"
198406,294.2272056,6,1984,"{""type"":""MultiPoint"",""coordinates"":[]}"
198407,295.9709817,7,1984,"{""type"":""MultiPoint"",""coordinates"":[]}"
198408,294.8004031,8,1984,"{""type"":""MultiPoint"",""coordinates"":[]}"
198409,297.3791179,9,1984,"{""type"":""MultiPoint"",""coordinates"":[]}"
198410,300.3531429,10,1984,"{""type"":""MultiPoint"",""coordinates"":[]}"
198411,299.0500873,11,1984,"{""type"":""MultiPoint"",""coordinates"":[]}"
198412,298.5340131,12,1984,"{""type"":""MultiPoint"",""coordinates"":[]}"
198501,298.7925084,1,1985,"{""type"":""MultiPoint"",""coordinates"":[]}"
198502,299.8447437,2,1985,"{""type"":""MultiPoint"",""coordinates"":[]}"
198503,298.9164437,3,1985,"{""type"":""MultiPoint"",""coordinates"":[]}"
198504,297.6513449,4,1985,"{""type"":""MultiPoint"",""coordinates"":[]}"
198505,297.0011777,5,1985,"{""type"":""MultiPoint"",""coordinates"":[]}"
198506,294.0649841,6,1985,"{""type"":""MultiPoint"",""coordinates"":[]}"
198507,294.1482444,7,1985,"{""type"":""MultiPoint"",""coordinates"":[]}"
198508,295.5419936,8,1985,"{""type"":""MultiPoint"",""coordinates"":[]}"
198509,298.2198411,9,1985,"{""type"":""MultiPoint"",""coordinates"":[]}"
198510,299.1380985,10,1985,"{""type"":""MultiPoint"",""coordinates"":[]}"
198511,299.7968907,11,1985,"{""type"":""MultiPoint"",""coordinates"":[]}"
198512,300.8847637,12,1985,"{""type"":""MultiPoint"",""coordinates"":[]}"
198601,299.6641198,1,1986,"{""type"":""MultiPoint"",""coordinates"":[]}"
198602,299.0932754,2,1986,"{""type"":""MultiPoint"",""coordinates"":[]}"
198603,298.5990281,3,1986,"{""type"":""MultiPoint"",""coordinates"":[]}"
198604,299.2635355,4,1986,"{""type"":""MultiPoint"",""coordinates"":[]}"
198605,297.2625308,5,1986,"{""type"":""MultiPoint"",""coordinates"":[]}"
198606,295.5133024,6,1986,"{""type"":""MultiPoint"",""coordinates"":[]}"
198607,294.7774239,7,1986,"{""type"":""MultiPoint"",""coordinates"":[]}"
198608,297.0639195,8,1986,"{""type"":""MultiPoint"",""coordinates"":[]}"
198609,296.930094,9,1986,"{""type"":""MultiPoint"",""coordinates"":[]}"
198610,298.2125641,10,1986,"{""type"":""MultiPoint"",""coordinates"":[]}"
198611,300.865428,11,1986,"{""type"":""MultiPoint"",""coordinates"":[]}"
198612,299.9017344,12,1986,"{""type"":""MultiPoint"",""coordinates"":[]}"
198701,300.4297323,1,1987,"{""type"":""MultiPoint"",""coordinates"":[]}"
198702,299.0946543,2,1987,"{""type"":""MultiPoint"",""coordinates"":[]}"
198703,298.3455045,3,1987,"{""type"":""MultiPoint"",""coordinates"":[]}"
198704,298.2786813,4,1987,"{""type"":""MultiPoint"",""coordinates"":[]}"
198705,294.3250008,5,1987,"{""type"":""MultiPoint"",""coordinates"":[]}"
198706,294.1823067,6,1987,"{""type"":""MultiPoint"",""coordinates"":[]}"
198707,297.6938275,7,1987,"{""type"":""MultiPoint"",""coordinates"":[]}"
198708,295.6661674,8,1987,"{""type"":""MultiPoint"",""coordinates"":[]}"
198709,298.5134417,9,1987,"{""type"":""MultiPoint"",""coordinates"":[]}"
198710,299.5834432,10,1987,"{""type"":""MultiPoint"",""coordinates"":[]}"
198711,300.0661461,11,1987,"{""type"":""MultiPoint"",""coordinates"":[]}"
198712,299.1601067,12,1987,"{""type"":""MultiPoint"",""coordinates"":[]}"
198801,300.1315532,1,1988,"{""type"":""MultiPoint"",""coordinates"":[]}"
198802,298.7038631,2,1988,"{""type"":""MultiPoint"",""coordinates"":[]}"
198803,299.0492198,3,1988,"{""type"":""MultiPoint"",""coordinates"":[]}"
198804,297.5973415,4,1988,"{""type"":""MultiPoint"",""coordinates"":[]}"
198805,294.3589483,5,1988,"{""type"":""MultiPoint"",""coordinates"":[]}"
198806,293.6753133,6,1988,"{""type"":""MultiPoint"",""coordinates"":[]}"
198807,292.6964664,7,1988,"{""type"":""MultiPoint"",""coordinates"":[]}"
198808,298.2518058,8,1988,"{""type"":""MultiPoint"",""coordinates"":[]}"
198809,299.8145653,9,1988,"{""type"":""MultiPoint"",""coordinates"":[]}"
198810,299.6148867,10,1988,"{""type"":""MultiPoint"",""coordinates"":[]}"
198811,299.6319633,11,1988,"{""type"":""MultiPoint"",""coordinates"":[]}"
198812,299.4194688,12,1988,"{""type"":""MultiPoint"",""coordinates"":[]}"
198901,298.920515,1,1989,"{""type"":""MultiPoint"",""coordinates"":[]}"
198902,298.9141213,2,1989,"{""type"":""MultiPoint"",""coordinates"":[]}"
198903,298.6755824,3,1989,"{""type"":""MultiPoint"",""coordinates"":[]}"
198904,297.7635317,4,1989,"{""type"":""MultiPoint"",""coordinates"":[]}"
198905,294.8904524,5,1989,"{""type"":""MultiPoint"",""coordinates"":[]}"
198906,295.4492115,6,1989,"{""type"":""MultiPoint"",""coordinates"":[]}"
198907,293.8606522,7,1989,"{""type"":""MultiPoint"",""coordinates"":[]}"
198908,296.579442,8,1989,"{""type"":""MultiPoint"",""coordinates"":[]}"
198909,296.3545956,9,1989,"{""type"":""MultiPoint"",""coordinates"":[]}"
198910,299.7446296,10,1989,"{""type"":""MultiPoint"",""coordinates"":[]}"
198911,299.5498487,11,1989,"{""type"":""MultiPoint"",""coordinates"":[]}"
198912,298.7619519,12,1989,"{""type"":""MultiPoint"",""coordinates"":[]}"
199001,299.4804449,1,1990,"{""type"":""MultiPoint"",""coordinates"":[]}"
199002,298.729041,2,1990,"{""type"":""MultiPoint"",""coordinates"":[]}"
199003,300.1747979,3,1990,"{""type"":""MultiPoint"",""coordinates"":[]}"
199004,299.0263745,4,1990,"{""type"":""MultiPoint"",""coordinates"":[]}"
199005,294.8409711,5,1990,"{""type"":""MultiPoint"",""coordinates"":[]}"
199006,293.6762373,6,1990,"{""type"":""MultiPoint"",""coordinates"":[]}"
199007,292.2106878,7,1990,"{""type"":""MultiPoint"",""coordinates"":[]}"
199008,297.1516481,8,1990,"{""type"":""MultiPoint"",""coordinates"":[]}"
199009,296.2514154,9,1990,"{""type"":""MultiPoint"",""coordinates"":[]}"
199010,299.9855613,10,1990,"{""type"":""MultiPoint"",""coordinates"":[]}"
199011,300.4311843,11,1990,"{""type"":""MultiPoint"",""coordinates"":[]}"
199012,300.153893,12,1990,"{""type"":""MultiPoint"",""coordinates"":[]}"
199101,299.4021778,1,1991,"{""type"":""MultiPoint"",""coordinates"":[]}"
199102,299.4434711,2,1991,"{""type"":""MultiPoint"",""coordinates"":[]}"
199103,299.0594918,3,1991,"{""type"":""MultiPoint"",""coordinates"":[]}"
199104,298.0138023,4,1991,"{""type"":""MultiPoint"",""coordinates"":[]}"
199105,296.6362476,5,1991,"{""type"":""MultiPoint"",""coordinates"":[]}"
199106,295.3913868,6,1991,"{""type"":""MultiPoint"",""coordinates"":[]}"
199107,294.9253749,7,1991,"{""type"":""MultiPoint"",""coordinates"":[]}"
199108,296.8203786,8,1991,"{""type"":""MultiPoint"",""coordinates"":[]}"
199109,298.9794713,9,1991,"{""type"":""MultiPoint"",""coordinates"":[]}"
199110,298.6868099,10,1991,"{""type"":""MultiPoint"",""coordinates"":[]}"
199111,298.8998639,11,1991,"{""type"":""MultiPoint"",""coordinates"":[]}"
199112,299.9721543,12,1991,"{""type"":""MultiPoint"",""coordinates"":[]}"
199201,299.5177371,1,1992,"{""type"":""MultiPoint"",""coordinates"":[]}"
199202,299.0583086,2,1992,"{""type"":""MultiPoint"",""coordinates"":[]}"
199203,298.5571527,3,1992,"{""type"":""MultiPoint"",""coordinates"":[]}"
199204,297.4719672,4,1992,"{""type"":""MultiPoint"",""coordinates"":[]}"
199205,296.7793913,5,1992,"{""type"":""MultiPoint"",""coordinates"":[]}"
199206,296.7767356,6,1992,"{""type"":""MultiPoint"",""coordinates"":[]}"
199207,292.101372,7,1992,"{""type"":""MultiPoint"",""coordinates"":[]}"
199208,295.1918595,8,1992,"{""type"":""MultiPoint"",""coordinates"":[]}"
199209,295.6212179,9,1992,"{""type"":""MultiPoint"",""coordinates"":[]}"
199210,298.3746699,10,1992,"{""type"":""MultiPoint"",""coordinates"":[]}"
199211,298.0975153,11,1992,"{""type"":""MultiPoint"",""coordinates"":[]}"
199212,299.6111147,12,1992,"{""type"":""MultiPoint"",""coordinates"":[]}"
199301,300.0724248,1,1993,"{""type"":""MultiPoint"",""coordinates"":[]}"
199302,298.4256152,2,1993,"{""type"":""MultiPoint"",""coordinates"":[]}"
199303,299.9692183,3,1993,"{""type"":""MultiPoint"",""coordinates"":[]}"
199304,298.2853645,4,1993,"{""type"":""MultiPoint"",""coordinates"":[]}"
199305,296.1484152,5,1993,"{""type"":""MultiPoint"",""coordinates"":[]}"
199306,295.0173071,6,1993,"{""type"":""MultiPoint"",""coordinates"":[]}"
199307,294.0778465,7,1993,"{""type"":""MultiPoint"",""coordinates"":[]}"
199308,295.6872458,8,1993,"{""type"":""MultiPoint"",""coordinates"":[]}"
199309,298.0636081,9,1993,"{""type"":""MultiPoint"",""coordinates"":[]}"
199310,299.8396895,10,1993,"{""type"":""MultiPoint"",""coordinates"":[]}"
199311,300.7270914,11,1993,"{""type"":""MultiPoint"",""coordinates"":[]}"
199312,300.1758961,12,1993,"{""type"":""MultiPoint"",""coordinates"":[]}"
199401,299.6770989,1,1994,"{""type"":""MultiPoint"",""coordinates"":[]}"
199402,299.5181807,2,1994,"{""type"":""MultiPoint"",""coordinates"":[]}"
199403,298.6618375,3,1994,"{""type"":""MultiPoint"",""coordinates"":[]}"
199404,297.8589575,4,1994,"{""type"":""MultiPoint"",""coordinates"":[]}"
199405,297.3084601,5,1994,"{""type"":""MultiPoint"",""coordinates"":[]}"
199406,295.504295,6,1994,"{""type"":""MultiPoint"",""coordinates"":[]}"
199407,294.5183284,7,1994,"{""type"":""MultiPoint"",""coordinates"":[]}"
199408,297.8080186,8,1994,"{""type"":""MultiPoint"",""coordinates"":[]}"
199409,300.3764463,9,1994,"{""type"":""MultiPoint"",""coordinates"":[]}"
199410,300.3907352,10,1994,"{""type"":""MultiPoint"",""coordinates"":[]}"
199411,300.2379848,11,1994,"{""type"":""MultiPoint"",""coordinates"":[]}"
199412,299.8066764,12,1994,"{""type"":""MultiPoint"",""coordinates"":[]}"
199501,299.4773761,1,1995,"{""type"":""MultiPoint"",""coordinates"":[]}"
199502,298.9418371,2,1995,"{""type"":""MultiPoint"",""coordinates"":[]}"
199503,299.5227471,3,1995,"{""type"":""MultiPoint"",""coordinates"":[]}"
199504,296.9215513,4,1995,"{""type"":""MultiPoint"",""coordinates"":[]}"
199505,295.2069113,5,1995,"{""type"":""MultiPoint"",""coordinates"":[]}"
199506,295.7091884,6,1995,"{""type"":""MultiPoint"",""coordinates"":[]}"
199507,296.6761287,7,1995,"{""type"":""MultiPoint"",""coordinates"":[]}"
199508,297.857879,8,1995,"{""type"":""MultiPoint"",""coordinates"":[]}"
199509,300.0873967,9,1995,"{""type"":""MultiPoint"",""coordinates"":[]}"
199510,299.4231157,10,1995,"{""type"":""MultiPoint"",""coordinates"":[]}"
199511,299.3285835,11,1995,"{""type"":""MultiPoint"",""coordinates"":[]}"
199512,299.6848639,12,1995,"{""type"":""MultiPoint"",""coordinates"":[]}"
199601,299.5752532,1,1996,"{""type"":""MultiPoint"",""coordinates"":[]}"
199602,300.1448386,2,1996,"{""type"":""MultiPoint"",""coordinates"":[]}"
199603,299.0474652,3,1996,"{""type"":""MultiPoint"",""coordinates"":[]}"
199604,298.3647679,4,1996,"{""type"":""MultiPoint"",""coordinates"":[]}"
199605,296.5006995,5,1996,"{""type"":""MultiPoint"",""coordinates"":[]}"
199606,292.9148312,6,1996,"{""type"":""MultiPoint"",""coordinates"":[]}"
199607,294.4572247,7,1996,"{""type"":""MultiPoint"",""coordinates"":[]}"
199608,298.8187297,8,1996,"{""type"":""MultiPoint"",""coordinates"":[]}"
199609,297.1812593,9,1996,"{""type"":""MultiPoint"",""coordinates"":[]}"
199610,299.1050075,10,1996,"{""type"":""MultiPoint"",""coordinates"":[]}"
199611,298.7404048,11,1996,"{""type"":""MultiPoint"",""coordinates"":[]}"
199612,300.2646773,12,1996,"{""type"":""MultiPoint"",""coordinates"":[]}"
199701,299.2105566,1,1997,"{""type"":""MultiPoint"",""coordinates"":[]}"
199702,299.0493139,2,1997,"{""type"":""MultiPoint"",""coordinates"":[]}"
199703,298.4790536,3,1997,"{""type"":""MultiPoint"",""coordinates"":[]}"
199704,297.49875,4,1997,"{""type"":""MultiPoint"",""coordinates"":[]}"
199705,296.0779039,5,1997,"{""type"":""MultiPoint"",""coordinates"":[]}"
199706,294.8835368,6,1997,"{""type"":""MultiPoint"",""coordinates"":[]}"
199707,295.9314803,7,1997,"{""type"":""MultiPoint"",""coordinates"":[]}"
199708,296.9213444,8,1997,"{""type"":""MultiPoint"",""coordinates"":[]}"
199709,301.0962396,9,1997,"{""type"":""MultiPoint"",""coordinates"":[]}"
199710,301.1696659,10,1997,"{""type"":""MultiPoint"",""coordinates"":[]}"
199711,301.1130726,11,1997,"{""type"":""MultiPoint"",""coordinates"":[]}"
199712,300.5428333,12,1997,"{""type"":""MultiPoint"",""coordinates"":[]}"
199801,301.3918613,1,1998,"{""type"":""MultiPoint"",""coordinates"":[]}"
199802,300.0531453,2,1998,"{""type"":""MultiPoint"",""coordinates"":[]}"
199803,299.4242577,3,1998,"{""type"":""MultiPoint"",""coordinates"":[]}"
199804,298.5602712,4,1998,"{""type"":""MultiPoint"",""coordinates"":[]}"
199805,295.09013,5,1998,"{""type"":""MultiPoint"",""coordinates"":[]}"
199806,294.9877484,6,1998,"{""type"":""MultiPoint"",""coordinates"":[]}"
199807,296.8114306,7,1998,"{""type"":""MultiPoint"",""coordinates"":[]}"
199808,296.668049,8,1998,"{""type"":""MultiPoint"",""coordinates"":[]}"
199809,297.4778402,9,1998,"{""type"":""MultiPoint"",""coordinates"":[]}"
199810,299.0954637,10,1998,"{""type"":""MultiPoint"",""coordinates"":[]}"
199811,298.9893051,11,1998,"{""type"":""MultiPoint"",""coordinates"":[]}"
199812,299.4857201,12,1998,"{""type"":""MultiPoint"",""coordinates"":[]}"
199901,299.98745,1,1999,"{""type"":""MultiPoint"",""coordinates"":[]}"
199902,300.4402465,2,1999,"{""type"":""MultiPoint"",""coordinates"":[]}"
199903,298.9411704,3,1999,"{""type"":""MultiPoint"",""coordinates"":[]}"
199904,297.2759447,4,1999,"{""type"":""MultiPoint"",""coordinates"":[]}"
199905,295.9945706,5,1999,"{""type"":""MultiPoint"",""coordinates"":[]}"
199906,295.066675,6,1999,"{""type"":""MultiPoint"",""coordinates"":[]}"
199907,294.7895042,7,1999,"{""type"":""MultiPoint"",""coordinates"":[]}"
199908,297.2939156,8,1999,"{""type"":""MultiPoint"",""coordinates"":[]}"
199909,300.5516105,9,1999,"{""type"":""MultiPoint"",""coordinates"":[]}"
199910,300.4074611,10,1999,"{""type"":""MultiPoint"",""coordinates"":[]}"
199911,298.592084,11,1999,"{""type"":""MultiPoint"",""coordinates"":[]}"
199912,299.5944675,12,1999,"{""type"":""MultiPoint"",""coordinates"":[]}"
200001,300.6896866,1,2000,"{""type"":""MultiPoint"",""coordinates"":[]}"
200002,299.1653107,2,2000,"{""type"":""MultiPoint"",""coordinates"":[]}"
200003,298.2042094,3,2000,"{""type"":""MultiPoint"",""coordinates"":[]}"
200004,298.3296028,4,2000,"{""type"":""MultiPoint"",""coordinates"":[]}"
200005,296.1321143,5,2000,"{""type"":""MultiPoint"",""coordinates"":[]}"
200006,295.6866739,6,2000,"{""type"":""MultiPoint"",""coordinates"":[]}"
200007,292.1554515,7,2000,"{""type"":""MultiPoint"",""coordinates"":[]}"
200008,297.5795727,8,2000,"{""type"":""MultiPoint"",""coordinates"":[]}"
200009,297.2283836,9,2000,"{""type"":""MultiPoint"",""coordinates"":[]}"
200010,300.9595398,10,2000,"{""type"":""MultiPoint"",""coordinates"":[]}"
200011,298.7562355,11,2000,"{""type"":""MultiPoint"",""coordinates"":[]}"
200012,299.4675792,12,2000,"{""type"":""MultiPoint"",""coordinates"":[]}"
200101,299.8448232,1,2001,"{""type"":""MultiPoint"",""coordinates"":[]}"
200102,300.1678215,2,2001,"{""type"":""MultiPoint"",""coordinates"":[]}"
200103,299.0972102,3,2001,"{""type"":""MultiPoint"",""coordinates"":[]}"
200104,299.0509951,4,2001,"{""type"":""MultiPoint"",""coordinates"":[]}"
200105,295.4117878,5,2001,"{""type"":""MultiPoint"",""coordinates"":[]}"
200106,293.8986001,6,2001,"{""type"":""MultiPoint"",""coordinates"":[]}"
200107,296.5680223,7,2001,"{""type"":""MultiPoint"",""coordinates"":[]}"
200108,299.6244055,8,2001,"{""type"":""MultiPoint"",""coordinates"":[]}"
200109,299.8885093,9,2001,"{""type"":""MultiPoint"",""coordinates"":[]}"
200110,299.986552,10,2001,"{""type"":""MultiPoint"",""coordinates"":[]}"
200111,299.477976,11,2001,"{""type"":""MultiPoint"",""coordinates"":[]}"
200112,298.8408369,12,2001,"{""type"":""MultiPoint"",""coordinates"":[]}"
200201,300.355623,1,2002,"{""type"":""MultiPoint"",""coordinates"":[]}"
200202,298.9728858,2,2002,"{""type"":""MultiPoint"",""coordinates"":[]}"
200203,300.3490565,3,2002,"{""type"":""MultiPoint"",""coordinates"":[]}"
200204,299.7471206,4,2002,"{""type"":""MultiPoint"",""coordinates"":[]}"
200205,297.7533306,5,2002,"{""type"":""MultiPoint"",""coordinates"":[]}"
200206,295.4595649,6,2002,"{""type"":""MultiPoint"",""coordinates"":[]}"
200207,295.3851038,7,2002,"{""type"":""MultiPoint"",""coordinates"":[]}"
200208,299.3275475,8,2002,"{""type"":""MultiPoint"",""coordinates"":[]}"
200209,298.9035185,9,2002,"{""type"":""MultiPoint"",""coordinates"":[]}"
200210,302.7171995,10,2002,"{""type"":""MultiPoint"",""coordinates"":[]}"
200211,301.3180814,11,2002,"{""type"":""MultiPoint"",""coordinates"":[]}"
200212,301.2700065,12,2002,"{""type"":""MultiPoint"",""coordinates"":[]}"
200301,300.2511921,1,2003,"{""type"":""MultiPoint"",""coordinates"":[]}"
200302,299.7229537,2,2003,"{""type"":""MultiPoint"",""coordinates"":[]}"
200303,299.4417185,3,2003,"{""type"":""MultiPoint"",""coordinates"":[]}"
200304,297.5055221,4,2003,"{""type"":""MultiPoint"",""coordinates"":[]}"
200305,296.5601386,5,2003,"{""type"":""MultiPoint"",""coordinates"":[]}"
200306,296.81489,6,2003,"{""type"":""MultiPoint"",""coordinates"":[]}"
200307,295.7538427,7,2003,"{""type"":""MultiPoint"",""coordinates"":[]}"
200308,295.7977695,8,2003,"{""type"":""MultiPoint"",""coordinates"":[]}"
200309,298.918869,9,2003,"{""type"":""MultiPoint"",""coordinates"":[]}"
200310,300.2191177,10,2003,"{""type"":""MultiPoint"",""coordinates"":[]}"
200311,300.3592359,11,2003,"{""type"":""MultiPoint"",""coordinates"":[]}"
200312,300.3683554,12,2003,"{""type"":""MultiPoint"",""coordinates"":[]}"
200401,300.5649888,1,2004,"{""type"":""MultiPoint"",""coordinates"":[]}"
200402,299.4036024,2,2004,"{""type"":""MultiPoint"",""coordinates"":[]}"
200403,300.3236776,3,2004,"{""type"":""MultiPoint"",""coordinates"":[]}"
200404,299.4226289,4,2004,"{""type"":""MultiPoint"",""coordinates"":[]}"
200405,293.0543411,5,2004,"{""type"":""MultiPoint"",""coordinates"":[]}"
200406,294.9978334,6,2004,"{""type"":""MultiPoint"",""coordinates"":[]}"
200407,294.5735749,7,2004,"{""type"":""MultiPoint"",""coordinates"":[]}"
200408,297.1402065,8,2004,"{""type"":""MultiPoint"",""coordinates"":[]}"
200409,300.7557709,9,2004,"{""type"":""MultiPoint"",""coordinates"":[]}"
200410,300.2572102,10,2004,"{""type"":""MultiPoint"",""coordinates"":[]}"
200411,299.6397649,11,2004,"{""type"":""MultiPoint"",""coordinates"":[]}"
200412,300.6221581,12,2004,"{""type"":""MultiPoint"",""coordinates"":[]}"
200501,299.6973138,1,2005,"{""type"":""MultiPoint"",""coordinates"":[]}"
200502,300.3232792,2,2005,"{""type"":""MultiPoint"",""coordinates"":[]}"
200503,299.6662164,3,2005,"{""type"":""MultiPoint"",""coordinates"":[]}"
200504,298.4727135,4,2005,"{""type"":""MultiPoint"",""coordinates"":[]}"
200505,297.4988724,5,2005,"{""type"":""MultiPoint"",""coordinates"":[]}"
200506,296.9054497,6,2005,"{""type"":""MultiPoint"",""coordinates"":[]}"
200507,294.5104131,7,2005,"{""type"":""MultiPoint"",""coordinates"":[]}"
200508,298.6194472,8,2005,"{""type"":""MultiPoint"",""coordinates"":[]}"
200509,297.3334912,9,2005,"{""type"":""MultiPoint"",""coordinates"":[]}"
200510,300.1067995,10,2005,"{""type"":""MultiPoint"",""coordinates"":[]}"
200511,299.7983843,11,2005,"{""type"":""MultiPoint"",""coordinates"":[]}"
200512,299.9118949,12,2005,"{""type"":""MultiPoint"",""coordinates"":[]}"
200601,299.7396945,1,2006,"{""type"":""MultiPoint"",""coordinates"":[]}"
200602,300.1091558,2,2006,"{""type"":""MultiPoint"",""coordinates"":[]}"
200603,299.9020108,3,2006,"{""type"":""MultiPoint"",""coordinates"":[]}"
200604,298.2119834,4,2006,"{""type"":""MultiPoint"",""coordinates"":[]}"
200605,294.6020276,5,2006,"{""type"":""MultiPoint"",""coordinates"":[]}"
200606,296.7029539,6,2006,"{""type"":""MultiPoint"",""coordinates"":[]}"
200607,297.2437122,7,2006,"{""type"":""MultiPoint"",""coordinates"":[]}"
200608,298.3124726,8,2006,"{""type"":""MultiPoint"",""coordinates"":[]}"
200609,299.0102971,9,2006,"{""type"":""MultiPoint"",""coordinates"":[]}"
200610,299.8980416,10,2006,"{""type"":""MultiPoint"",""coordinates"":[]}"
200611,299.9542122,11,2006,"{""type"":""MultiPoint"",""coordinates"":[]}"
200612,299.7183145,12,2006,"{""type"":""MultiPoint"",""coordinates"":[]}"
200701,299.8259604,1,2007,"{""type"":""MultiPoint"",""coordinates"":[]}"
200702,299.223168,2,2007,"{""type"":""MultiPoint"",""coordinates"":[]}"
200703,300.0281361,3,2007,"{""type"":""MultiPoint"",""coordinates"":[]}"
200704,299.7267198,4,2007,"{""type"":""MultiPoint"",""coordinates"":[]}"
200705,295.3937541,5,2007,"{""type"":""MultiPoint"",""coordinates"":[]}"
200706,296.2000654,6,2007,"{""type"":""MultiPoint"",""coordinates"":[]}"
200707,294.6944412,7,2007,"{""type"":""MultiPoint"",""coordinates"":[]}"
200708,296.0606582,8,2007,"{""type"":""MultiPoint"",""coordinates"":[]}"
200709,301.920638,9,2007,"{""type"":""MultiPoint"",""coordinates"":[]}"
200710,301.1385135,10,2007,"{""type"":""MultiPoint"",""coordinates"":[]}"
200711,299.1452492,11,2007,"{""type"":""MultiPoint"",""coordinates"":[]}"
200712,299.3753616,12,2007,"{""type"":""MultiPoint"",""coordinates"":[]}"
200801,298.9937798,1,2008,"{""type"":""MultiPoint"",""coordinates"":[]}"
200802,299.078801,2,2008,"{""type"":""MultiPoint"",""coordinates"":[]}"
200803,298.8296624,3,2008,"{""type"":""MultiPoint"",""coordinates"":[]}"
200804,297.6714198,4,2008,"{""type"":""MultiPoint"",""coordinates"":[]}"
200805,295.2048835,5,2008,"{""type"":""MultiPoint"",""coordinates"":[]}"
200806,294.0530081,6,2008,"{""type"":""MultiPoint"",""coordinates"":[]}"
200807,297.322231,7,2008,"{""type"":""MultiPoint"",""coordinates"":[]}"
200808,298.649423,8,2008,"{""type"":""MultiPoint"",""coordinates"":[]}"
200809,298.6195181,9,2008,"{""type"":""MultiPoint"",""coordinates"":[]}"
200810,300.3919712,10,2008,"{""type"":""MultiPoint"",""coordinates"":[]}"
200811,300.4408688,11,2008,"{""type"":""MultiPoint"",""coordinates"":[]}"
200812,300.2454515,12,2008,"{""type"":""MultiPoint"",""coordinates"":[]}"
200901,300.1730712,1,2009,"{""type"":""MultiPoint"",""coordinates"":[]}"
200902,299.9930661,2,2009,"{""type"":""MultiPoint"",""coordinates"":[]}"
200903,299.7589309,3,2009,"{""type"":""MultiPoint"",""coordinates"":[]}"
200904,299.5664544,4,2009,"{""type"":""MultiPoint"",""coordinates"":[]}"
200905,297.8555681,5,2009,"{""type"":""MultiPoint"",""coordinates"":[]}"
200906,294.2275418,6,2009,"{""type"":""MultiPoint"",""coordinates"":[]}"
200907,295.1876882,7,2009,"{""type"":""MultiPoint"",""coordinates"":[]}"
200908,297.3155512,8,2009,"{""type"":""MultiPoint"",""coordinates"":[]}"
200909,298.6500422,9,2009,"{""type"":""MultiPoint"",""coordinates"":[]}"
200910,300.7570784,10,2009,"{""type"":""MultiPoint"",""coordinates"":[]}"
200911,302.1147827,11,2009,"{""type"":""MultiPoint"",""coordinates"":[]}"
200912,300.1930848,12,2009,"{""type"":""MultiPoint"",""coordinates"":[]}"
201001,299.9160071,1,2010,"{""type"":""MultiPoint"",""coordinates"":[]}"
201002,300.4037151,2,2010,"{""type"":""MultiPoint"",""coordinates"":[]}"
201003,300.458484,3,2010,"{""type"":""MultiPoint"",""coordinates"":[]}"
201004,298.6520185,4,2010,"{""type"":""MultiPoint"",""coordinates"":[]}"
201005,295.0463818,5,2010,"{""type"":""MultiPoint"",""coordinates"":[]}"
201006,296.4773502,6,2010,"{""type"":""MultiPoint"",""coordinates"":[]}"
201007,294.6432362,7,2010,"{""type"":""MultiPoint"",""coordinates"":[]}"
201008,297.4826731,8,2010,"{""type"":""MultiPoint"",""coordinates"":[]}"
201009,300.8177369,9,2010,"{""type"":""MultiPoint"",""coordinates"":[]}"
201010,299.556745,10,2010,"{""type"":""MultiPoint"",""coordinates"":[]}"
201011,299.1149758,11,2010,"{""type"":""MultiPoint"",""coordinates"":[]}"
201012,301.0649502,12,2010,"{""type"":""MultiPoint"",""coordinates"":[]}"
201101,299.7579484,1,2011,"{""type"":""MultiPoint"",""coordinates"":[]}"
201102,298.9329387,2,2011,"{""type"":""MultiPoint"",""coordinates"":[]}"
201103,298.263645,3,2011,"{""type"":""MultiPoint"",""coordinates"":[]}"
201104,298.4934302,4,2011,"{""type"":""MultiPoint"",""coordinates"":[]}"
201105,296.0922542,5,2011,"{""type"":""MultiPoint"",""coordinates"":[]}"
201106,295.4850562,6,2011,"{""type"":""MultiPoint"",""coordinates"":[]}"
201107,295.9534071,7,2011,"{""type"":""MultiPoint"",""coordinates"":[]}"
201108,297.3197908,8,2011,"{""type"":""MultiPoint"",""coordinates"":[]}"
201109,300.1973846,9,2011,"{""type"":""MultiPoint"",""coordinates"":[]}"
201110,300.2141901,10,2011,"{""type"":""MultiPoint"",""coordinates"":[]}"
201111,300.9709819,11,2011,"{""type"":""MultiPoint"",""coordinates"":[]}"
201112,300.2501496,12,2011,"{""type"":""MultiPoint"",""coordinates"":[]}"
201201,299.7422991,1,2012,"{""type"":""MultiPoint"",""coordinates"":[]}"
201202,299.5965503,2,2012,"{""type"":""MultiPoint"",""coordinates"":[]}"
201203,299.1668788,3,2012,"{""type"":""MultiPoint"",""coordinates"":[]}"
201204,298.5365233,4,2012,"{""type"":""MultiPoint"",""coordinates"":[]}"
201205,296.2351143,5,2012,"{""type"":""MultiPoint"",""coordinates"":[]}"
201206,294.9942962,6,2012,"{""type"":""MultiPoint"",""coordinates"":[]}"
201207,294.4237789,7,2012,"{""type"":""MultiPoint"",""coordinates"":[]}"
201208,298.3859959,8,2012,"{""type"":""MultiPoint"",""coordinates"":[]}"
201209,300.9417597,9,2012,"{""type"":""MultiPoint"",""coordinates"":[]}"
201210,301.974719,10,2012,"{""type"":""MultiPoint"",""coordinates"":[]}"
201211,299.8615213,11,2012,"{""type"":""MultiPoint"",""coordinates"":[]}"
201212,300.8748149,12,2012,"{""type"":""MultiPoint"",""coordinates"":[]}"
201301,300.7174504,1,2013,"{""type"":""MultiPoint"",""coordinates"":[]}"
201302,300.1079811,2,2013,"{""type"":""MultiPoint"",""coordinates"":[]}"
201303,299.7096501,3,2013,"{""type"":""MultiPoint"",""coordinates"":[]}"
201304,298.0099081,4,2013,"{""type"":""MultiPoint"",""coordinates"":[]}"
201305,297.1782861,5,2013,"{""type"":""MultiPoint"",""coordinates"":[]}"
201306,296.1158255,6,2013,"{""type"":""MultiPoint"",""coordinates"":[]}"
201307,295.0356584,7,2013,"{""type"":""MultiPoint"",""coordinates"":[]}"
201308,295.7420671,8,2013,"{""type"":""MultiPoint"",""coordinates"":[]}"
201309,299.0227353,9,2013,"{""type"":""MultiPoint"",""coordinates"":[]}"
201310,299.1845118,10,2013,"{""type"":""MultiPoint"",""coordinates"":[]}"
201311,299.9547746,11,2013,"{""type"":""MultiPoint"",""coordinates"":[]}"
201312,300.6732792,12,2013,"{""type"":""MultiPoint"",""coordinates"":[]}"
201401,299.5912134,1,2014,"{""type"":""MultiPoint"",""coordinates"":[]}"
201402,299.1504118,2,2014,"{""type"":""MultiPoint"",""coordinates"":[]}"
201403,298.675315,3,2014,"{""type"":""MultiPoint"",""coordinates"":[]}"
201404,298.6267478,4,2014,"{""type"":""MultiPoint"",""coordinates"":[]}"
201405,295.90574,5,2014,"{""type"":""MultiPoint"",""coordinates"":[]}"
201406,295.5300476,6,2014,"{""type"":""MultiPoint"",""coordinates"":[]}"
201407,294.8198841,7,2014,"{""type"":""MultiPoint"",""coordinates"":[]}"
201408,297.9447305,8,2014,"{""type"":""MultiPoint"",""coordinates"":[]}"
201409,301.1977871,9,2014,"{""type"":""MultiPoint"",""coordinates"":[]}"
201410,302.3998509,10,2014,"{""type"":""MultiPoint"",""coordinates"":[]}"
201411,299.704716,11,2014,"{""type"":""MultiPoint"",""coordinates"":[]}"
201412,299.6332022,12,2014,"{""type"":""MultiPoint"",""coordinates"":[]}"
201501,301.0939479,1,2015,"{""type"":""MultiPoint"",""coordinates"":[]}"
201502,300.0912727,2,2015,"{""type"":""MultiPoint"",""coordinates"":[]}"
201503,299.56619,3,2015,"{""type"":""MultiPoint"",""coordinates"":[]}"
201504,298.7722818,4,2015,"{""type"":""MultiPoint"",""coordinates"":[]}"
201505,296.5770802,5,2015,"{""type"":""MultiPoint"",""coordinates"":[]}"
201506,296.3632874,6,2015,"{""type"":""MultiPoint"",""coordinates"":[]}"
201507,295.3885469,7,2015,"{""type"":""MultiPoint"",""coordinates"":[]}"
201508,299.6702838,8,2015,"{""type"":""MultiPoint"",""coordinates"":[]}"
201509,300.5856288,9,2015,"{""type"":""MultiPoint"",""coordinates"":[]}"
201510,300.8128608,10,2015,"{""type"":""MultiPoint"",""coordinates"":[]}"
201511,300.9585029,11,2015,"{""type"":""MultiPoint"",""coordinates"":[]}"
201512,301.4371192,12,2015,"{""type"":""MultiPoint"",""coordinates"":[]}"
201601,300.5078482,1,2016,"{""type"":""MultiPoint"",""coordinates"":[]}"
201602,300.7620726,2,2016,"{""type"":""MultiPoint"",""coordinates"":[]}"
201603,299.186776,3,2016,"{""type"":""MultiPoint"",""coordinates"":[]}"
201604,299.5210065,4,2016,"{""type"":""MultiPoint"",""coordinates"":[]}"
201605,295.4795831,5,2016,"{""type"":""MultiPoint"",""coordinates"":[]}"
201606,293.2598537,6,2016,"{""type"":""MultiPoint"",""coordinates"":[]}"
201607,296.1686264,7,2016,"{""type"":""MultiPoint"",""coordinates"":[]}"
201608,297.7301032,8,2016,"{""type"":""MultiPoint"",""coordinates"":[]}"
201609,297.8756892,9,2016,"{""type"":""MultiPoint"",""coordinates"":[]}"
201610,300.1694947,10,2016,"{""type"":""MultiPoint"",""coordinates"":[]}"
201611,299.5066618,11,2016,"{""type"":""MultiPoint"",""coordinates"":[]}"
201612,300.1011858,12,2016,"{""type"":""MultiPoint"",""coordinates"":[]}"
201701,301.0136393,1,2017,"{""type"":""MultiPoint"",""coordinates"":[]}"
201702,300.0150117,2,2017,"{""type"":""MultiPoint"",""coordinates"":[]}"
201703,299.5185179,3,2017,"{""type"":""MultiPoint"",""coordinates"":[]}"
201704,297.927407,4,2017,"{""type"":""MultiPoint"",""coordinates"":[]}"
201705,297.2956165,5,2017,"{""type"":""MultiPoint"",""coordinates"":[]}"
201706,295.1000504,6,2017,"{""type"":""MultiPoint"",""coordinates"":[]}"
201707,295.6753369,7,2017,"{""type"":""MultiPoint"",""coordinates"":[]}"
201708,298.5000599,8,2017,"{""type"":""MultiPoint"",""coordinates"":[]}"
201709,301.0394655,9,2017,"{""type"":""MultiPoint"",""coordinates"":[]}"
201710,300.7116009,10,2017,"{""type"":""MultiPoint"",""coordinates"":[]}"
201711,299.9138104,11,2017,"{""type"":""MultiPoint"",""coordinates"":[]}"
201712,299.9629137,12,2017,"{""type"":""MultiPoint"",""coordinates"":[]}"
201801,299.7165884,1,2018,"{""type"":""MultiPoint"",""coordinates"":[]}"
201802,299.3030289,2,2018,"{""type"":""MultiPoint"",""coordinates"":[]}"
201803,299.4809268,3,2018,"{""type"":""MultiPoint"",""coordinates"":[]}"
201804,299.0004109,4,2018,"{""type"":""MultiPoint"",""coordinates"":[]}"
201805,297.3022273,5,2018,"{""type"":""MultiPoint"",""coordinates"":[]}"
201806,294.0024385,6,2018,"{""type"":""MultiPoint"",""coordinates"":[]}"
201807,295.4048309,7,2018,"{""type"":""MultiPoint"",""coordinates"":[]}"
201808,295.5487007,8,2018,"{""type"":""MultiPoint"",""coordinates"":[]}"
201809,299.3387926,9,2018,"{""type"":""MultiPoint"",""coordinates"":[]}"
201810,300.2046381,10,2018,"{""type"":""MultiPoint"",""coordinates"":[]}"
201811,299.5840713,11,2018,"{""type"":""MultiPoint"",""coordinates"":[]}"
201812,300.556407,12,2018,"{""type"":""MultiPoint"",""coordinates"":[]}"
201901,301.4924106,1,2019,"{""type"":""MultiPoint"",""coordinates"":[]}"
201902,300.6368608,2,2019,"{""type"":""MultiPoint"",""coordinates"":[]}"
201903,299.9002333,3,2019,"{""type"":""MultiPoint"",""coordinates"":[]}"
201904,298.8490448,4,2019,"{""type"":""MultiPoint"",""coordinates"":[]}"
201905,296.7222023,5,2019,"{""type"":""MultiPoint"",""coordinates"":[]}"
201906,297.1157578,6,2019,"{""type"":""MultiPoint"",""coordinates"":[]}"
201907,295.2426773,7,2019,"{""type"":""MultiPoint"",""coordinates"":[]}"
201908,297.9770518,8,2019,"{""type"":""MultiPoint"",""coordinates"":[]}"
201909,301.5624832,9,2019,"{""type"":""MultiPoint"",""coordinates"":[]}"
201910,301.3165311,10,2019,"{""type"":""MultiPoint"",""coordinates"":[]}"
201911,301.7190727,11,2019,"{""type"":""MultiPoint"",""coordinates"":[]}"
201912,300.496188,12,2019,"{""type"":""MultiPoint"",""coordinates"":[]}"
202001,301.6903324,1,2020,"{""type"":""MultiPoint"",""coordinates"":[]}"
202002,300.1052412,2,2020,"{""type"":""MultiPoint"",""coordinates"":[]}"
202003,301.3821839,3,2020,"{""type"":""MultiPoint"",""coordinates"":[]}"
202004,299.3773162,4,2020,"{""type"":""MultiPoint"",""coordinates"":[]}"
202005,295.8675677,5,2020,"{""type"":""MultiPoint"",""coordinates"":[]}"
202006,296.7243892,6,2020,"{""type"":""MultiPoint"",""coordinates"":[]}"
202007,296.666331,7,2020,"{""type"":""MultiPoint"",""coordinates"":[]}"
202008,298.8806669,8,2020,"{""type"":""MultiPoint"",""coordinates"":[]}"
202009,301.900733,9,2020,"{""type"":""MultiPoint"",""coordinates"":[]}"
202010,303.4003337,10,2020,"{""type"":""MultiPoint"",""coordinates"":[]}"
202011,302.0601092,11,2020,"{""type"":""MultiPoint"",""coordinates"":[]}"
202012,301.7300812,12,2020,"{""type"":""MultiPoint"",""coordinates"":[]}"
202101,300.0876447,1,2021,"{""type"":""MultiPoint"",""coordinates"":[]}"
202102,300.1267858,2,2021,"{""type"":""MultiPoint"",""coordinates"":[]}"
202103,299.5085723,3,2021,"{""type"":""MultiPoint"",""coordinates"":[]}"
202104,298.6832481,4,2021,"{""type"":""MultiPoint"",""coordinates"":[]}"
202105,296.9176332,5,2021,"{""type"":""MultiPoint"",""coordinates"":[]}"
202106,295.0545998,6,2021,"{""type"":""MultiPoint"",""coordinates"":[]}"
202107,295.1293554,7,2021,"{""type"":""MultiPoint"",""coordinates"":[]}"
202108,298.6107384,8,2021,"{""type"":""MultiPoint"",""coordinates"":[]}"
202109,302.8735732,9,2021,"{""type"":""MultiPoint"",""coordinates"":[]}"
202110,301.4943018,10,2021,"{""type"":""MultiPoint"",""coordinates"":[]}"
202111,299.681607,11,2021,"{""type"":""MultiPoint"",""coordinates"":[]}"
202112,301.0125352,12,2021,"{""type"":""MultiPoint"",""coordinates"":[]}"
202201,301.4845924,1,2022,"{""type"":""MultiPoint"",""coordinates"":[]}"
202202,300.4835598,2,2022,"{""type"":""MultiPoint"",""coordinates"":[]}"
202203,299.4535461,3,2022,"{""type"":""MultiPoint"",""coordinates"":[]}"
202204,299.5031134,4,2022,"{""type"":""MultiPoint"",""coordinates"":[]}"
202205,295.4974143,5,2022,"{""type"":""MultiPoint"",""coordinates"":[]}"
202206,294.7061814,6,2022,"{""type"":""MultiPoint"",""coordinates"":[]}"
202207,298.1849116,7,2022,"{""type"":""MultiPoint"",""coordinates"":[]}"
202208,296.957383,8,2022,"{""type"":""MultiPoint"",""coordinates"":[]}"
202209,299.2173335,9,2022,"{""type"":""MultiPoint"",""coordinates"":[]}"
202210,299.4299619,10,2022,"{""type"":""MultiPoint"",""coordinates"":[]}"
202211,299.9651222,11,2022,"{""type"":""MultiPoint"",""coordinates"":[]}"
202212,301.0458289,12,2022,"{""type"":""MultiPoint"",""coordinates"":[]}"
